review_id,type,typeName,content,grade,createDate,likeCount,goodsNo,goodsName,brandName,brandEnglishName,brand,brandBestYn,goodsCreateDate,goodsOption,option_color,option_size,userNickName,reviewSex,userHeight,userWeight,userLevel,commentCount,commentReplyCount,isFirstReview,orderOptionNo,channelSource,review_image_urls,product_image_url,사이즈,화면 대비 색감,퀄리티,신축성
83281765,experience,체험단,한눈에 보고 ㄱ ㅣ여움에 홀딱 반해서 신청했었는데.. 체험단 선정 감사드립니다🥰🙇🏻‍♀️처음 받아보고 제일 먼저 눈에 들어온건 엉덩이 부분에 달린 날개 디테일이었습니다!! 흔한 디자인이 아니라서 확실히 포인트가 되고 전체적으로 트렌디한 느낌이 있어서 입었을 때 그냥 기본 바지 입은 느낌이 아니라 스타일이 사는것같아요😻 그리고 허리 밴딩은 어찌 이렇게 탄탄한지.. 너무 쫀쫀해서 놀랐어요 쉽게 늘어질 느낌이 아니라 허리를 안정적으로 딱 잡아줘서 착용감이 정말 편했어요 불편하거나 흘러내리는 느낌이 없어서 데일리로 입기 좋겠다는 생각이 들었습니다😊 기장은 155cm 기준으로는 살짝 길게 느껴졌는데 밑단에 조절할 수 있는 끈이 있어서 당겨 입으면 끌리지 않고 예쁘게 핏을 잡을 수 있었어요 끈 덕분이 원하는 핏으로 조절해서 입을 수 있는게 좋았던거같아용.. 소재도 기대 이상으로 탄탄하고 퀄리티가 좋아요!! 너무 얇아서 흐물거리는 느낌이 아니라 핏이 잘 살아있습니다 체험단으로 입어본거지만 내돈내산으로 검은색 하나 더 사고싶을만큼 좋습니다..,5,2026-03-28T19:02:27.000+09:00,3,5969254,엔젤 아플리케 커브드 스웨트 팬츠[그레이],슬릭글로우,SLEEKGLOW,sleekglow,N,2026-02-02T16:28:21.000+09:00,FREE,,,똥개소금,여성,155,41,3,0,0,1,412148546,musinsa,https:/data/estimate/5969254_0/cec070b712eb4db2b8f1adf7c2304cc4.jpg | https:/data/estimate/5969254_0/1a70334ac11d4140b965ad97a7064e85.jpg | https:/data/estimate/5969254_0/9025087378ff4ea4b38a1937a4a1ed3b.jpg | https:/data/estimate/5969254_0/b144053138584ebbb397454d02675288.jpg | https:/data/estimate/5969254_0/a8ae701725ab4a0a8c477b174eb70a3a.jpg,https:/images/goods_img/20260202/5969254/5969254_17707721815085_100.jpg,조금 큼,화면과 비슷,좋음,강함
83676935,experience,체험단,"바지의 원단 재질이 보들보들하고 부드러운 느낌이였고
너무 추운 한겨울이 아니라면 계절에 크게 상관없이 언제나 입기 좋은 바지인 것 같아요!
기장이 긴 편이여서 다리가 길거나 키가 크신 분들도 불편함없이 아주 편하게 입을 수 있을 것 같고
바지 밑단에 스트링이 달려있어서 원하는대로 알맞게 밑단을 조절해서 입을 수도 있어서 아주 좋았어요!!
특히 가장 중요한!!!바지의 엉덩이 부분에 날개 포인트가 있어서 밋밋하지 않고 뒷모습까지도 너무나 귀엽고 사랑스러운 바지여서 완전 만족스럽습니다~!!",5,2026-04-14T18:57:42.000+09:00,2,5969254,엔젤 아플리케 커브드 스웨트 팬츠[그레이],슬릭글로우,SLEEKGLOW,sleekglow,N,2026-02-02T16:28:21.000+09:00,FREE,,,현꿈꿈실,여성,160,48,6,0,0,1,412148543,musinsa,https:/data/estimate/5969254_0/779af99451dd409e841ca4913f6c31fb.jpg | https:/data/estimate/5969254_0/e33d1e9914154cb49f4d3505de85a84d.jpg | https:/data/estimate/5969254_0/24cab6aa93dd461b9ff5bbac772a4fd2.jpg | https:/data/estimate/5969254_0/25432639f4cc4e0fa814bcd2e3e9f851.jpg | https:/data/estimate/5969254_0/50b928fa2b114a78b252424a7b9f0941.jpg,https:/images/goods_img/20260202/5969254/5969254_17707721815085_100.jpg,조금 큼,화면과 비슷,매우 좋음,매우 강함
83115121,experience,체험단,"엔젤 아플리케 커브드 스웨트 팬츠 그레이 색상 체험해봤는데 생각보다 훨씬 마음에 들었어요! 원단이 적당히 얇고 부드러운 편이라 너무 덥거나 너무 추운 날씨만 아니면 사계절 내내 편하게 입기 좋을 것 같아요. 착용했을 때 핏도 자연스럽게 떨어져서 활동하기 편하고, 오래 입어도 답답한 느낌이 없어서 데일리로 손이 자주 갈 것 같습니다.

특히 엉덩이 쪽에 달린 날개 프린팅이 포인트라서 뒤에서 봤을 때 너무 귀엽더라고요. 심플한 그레이 색상이라 후드나 맨투맨이랑 매치하기도 쉬워서 코디하기도 편했습니다. 편하면서도 귀여운 느낌이라 학교 갈 때 교복템처럼 자주 입게 될 것 같아요! 편안함이랑 디자인 둘 다 만족스러웠던 제품이라 데일리 팬츠로 추천합니다 :)",5,2026-03-21T12:24:46.000+09:00,2,5969254,엔젤 아플리케 커브드 스웨트 팬츠[그레이],슬릭글로우,SLEEKGLOW,sleekglow,N,2026-02-02T16:28:21.000+09:00,FREE,,,감미로운칠레양복,여성,159,58,3,0,0,1,407583163,musinsa,https:/data/estimate/5969254_0/01521e19daf1418a93bb56655e161b76.jpg | https:/data/estimate/5969254_0/9b62543ec2a04b66b4ff8d9148893900.jpg | https:/data/estimate/5969254_0/66e1ea4c54a44e1a8c08e9a737c998d8.jpg | https:/data/estimate/5969254_0/17ccde597ac14365a94c56b6dd1f9c0a.jpg | https:/data/estimate/5969254_0/7ea3bfd4e48c474e90b8da90c2d85a72.jpg,https:/images/goods_img/20260202/5969254/5969254_17707721815085_100.jpg,조금 큼,화면과 비슷,좋음,강함
83382479,style,스타일,바지 길이가 좀 길긴한데 스트링으로 조이니까 안 끌려서 핏 딱 이쁘게 잘 잡혀요 👍👍,5,2026-04-02T01:48:41.000+09:00,3,5969254,엔젤 아플리케 커브드 스웨트 팬츠[그레이],슬릭글로우,SLEEKGLOW,sleekglow,N,2026-02-02T16:28:21.000+09:00,FREE,,,아므니,여성,165,44,4,0,0,1,411570243,musinsa,https:/data/estimate/5969254_0/53f5d12ec6094ead8bee1c10adb0ed50.jpg,https:/images/goods_img/20260202/5969254/5969254_17707721815085_100.jpg,조금 큼,화면과 비슷,보통,적당함
83451502,experience,체험단,"디자인이 너무 귀여워서 구매하고싶었던 바지인데 받아보게되어서 정말 기쁩니다! 
일단 재질은 얇아서 여름에 입기 좋을 것 같아요 후들후들거려서 덥지도않을 것 같습니다! 
사이즈는 155기준 많이 큽니다! 그래서 저는 허리부분 한번 접고 밑에 스트링도 많이 조였어요 그래도 조금 긴 감이 없지않아 있지만 저는 긴거 좋아해서 괜찮았습니다! 길게 입는 거 좋아하시면 정말 마음에 드실꺼에요 
그렇게해도 핏은 정말 예뻐요! 그리고 엉덩이부위에 날개포인트가 정말 귀엽고 포인트가 되어서 마음에 듭니다! 블랙도 정말 귀엽던데 블랙도 구매할 생각입니다! 🩵",5,2026-04-04T23:54:19.000+09:00,1,5969254,엔젤 아플리케 커브드 스웨트 팬츠[그레이],슬릭글로우,SLEEKGLOW,sleekglow,N,2026-02-02T16:28:21.000+09:00,FREE,,,선한호이안블로퍼,여성,155,45,4,0,0,1,412148545,musinsa,https:/data/estimate/5969254_0/b3eb155f09fb4435b7df84bfb1a77692.jpg | https:/data/estimate/5969254_0/723712a2f0f74770bcc2a2a263c5c133.jpg | https:/data/estimate/5969254_0/107bff5db6cb48ff97e1f6719ab2e6c9.jpg | https:/data/estimate/5969254_0/982dfbc2e9284ce0b571de4baa67c5f0.jpg | https:/data/estimate/5969254_0/a85f446a7a4a40b295afbd8bb8062328.jpg,https:/images/goods_img/20260202/5969254/5969254_17707721815085_100.jpg,많이 큼,화면과 비슷,매우 좋음,매우 강함
83571771,general,일반,엉덩이 날개포인트가 너무 귀여워요 •• 처음에 날개쪽 실밥이 뜯겨와서 교환 요청했는데 바로 교환해주셨어요 ! 그런데 안쪽 마감이 아쉽네요 ㅠㅠ 그래도 예쁘고 편해서 자주 입고 다녀요 :) 거의 교복템 ∿ ˳˳,5,2026-04-10T00:32:32.000+09:00,2,5969254,엔젤 아플리케 커브드 스웨트 팬츠[그레이],슬릭글로우,SLEEKGLOW,sleekglow,N,2026-02-02T16:28:21.000+09:00,FREE,,,거대한이대라펠,여성,163,60,1,0,0,1,406768145,musinsa,https:/data/estimate/5969254_0/3f515b5b71144f19ba87b044430c29e4.jpg | https:/data/estimate/5969254_0/f58e81b774e442ba976c9d0d3fb83a82.jpg | https:/data/estimate/5969254_0/e949eec4afaa42e4beb529b7d09eddac.jpg,https:/images/goods_img/20260202/5969254/5969254_17707721815085_100.jpg,조금 큼,화면과 비슷,보통,강함
83459105,style,스타일,"날개가 넘 귀엽고 옷도 편하고 사이즈도 적당해요!!!
봄 가을에 잘 입을 거 같아요",5,2026-04-05T13:08:19.000+09:00,2,5969254,엔젤 아플리케 커브드 스웨트 팬츠[그레이],슬릭글로우,SLEEKGLOW,sleekglow,N,2026-02-02T16:28:21.000+09:00,FREE,,,_O._.O_,여성,163,50,4,0,0,1,406346931,musinsa,https:/data/estimate/5969254_0/cf3a74a6b6ac4034a56536ba5d3aa4af.jpg,https:/images/goods_img/20260202/5969254/5969254_17707721815085_100.jpg,조금 큼,화면과 비슷,보통,적당함
83419366,general,일반,"일단 편했고 뒤에 날개 포인트가 거슬리지 않게 잘 배치되어있어서 좋았어요. 또 봄, 여름쯤에 입을 거라 덥지는 않을까 했는데 적당히 통풍도 잘되는 것 같아서 마음에 들었어요.",5,2026-04-03T16:21:23.000+09:00,2,5969254,엔젤 아플리케 커브드 스웨트 팬츠[그레이],슬릭글로우,SLEEKGLOW,sleekglow,N,2026-02-02T16:28:21.000+09:00,FREE,,,무정한동묘뿔테,여성,164,67,1,0,0,1,413016341,musinsa,https:/data/estimate/5969254_0/a3e79da7de004c51b13f34cda36cfe2f.jpg,https:/images/goods_img/20260202/5969254/5969254_17707721815085_100.jpg,정사이즈,어두움,매우 좋음,적당함
83265254,style,스타일,일단 핏이 아방하구 귀엽습니닷! 뒤에 엉덩이에 그려진 날개패치가 뽀인트랍니다! 소재도 부들부들하고 봄부터 가을까지 입을 수 있을거같아요! 아래 조절하는 것도 있어서 길이 문제도 괜찮답니다~! 기여워서 두장 샀어용,5,2026-03-27T21:40:00.000+09:00,2,5969254,엔젤 아플리케 커브드 스웨트 팬츠[그레이],슬릭글로우,SLEEKGLOW,sleekglow,N,2026-02-02T16:28:21.000+09:00,FREE,,,말린푸,여성,165,50,3,0,0,1,406519871,musinsa,https:/data/estimate/5969254_0/5eaedf5a02b24fbdb72b65b5f981b7f7.jpg | https:/data/estimate/5969254_0/3b92350fa1df445a929ea925d4609834.jpg,https:/images/goods_img/20260202/5969254/5969254_17707721815085_100.jpg,정사이즈,화면과 비슷,보통,적당함
83802183,general,일반,엉덩이 부분 자수 포인트 완전 귀엽구요 편하게 입기 좋은 트레이닝 바지입니다 많이 두껍진 않고 봄가을에 입기 적당한 두께예요,5,2026-04-19T17:09:32.000+09:00,1,5969254,엔젤 아플리케 커브드 스웨트 팬츠[그레이],슬릭글로우,SLEEKGLOW,sleekglow,N,2026-02-02T16:28:21.000+09:00,FREE,,,예민한로마단화,여성,157,55,3,0,0,1,415496741,musinsa,https:/data/estimate/5969254_0/17993767250548a9b9abbca9834ccd31.jpg,https:/images/goods_img/20260202/5969254/5969254_17707721815085_100.jpg,정사이즈,화면과 비슷,매우 좋음,매우 강함
83773359,style,스타일,"배송은 한 이주 정도 걸렸는데, 너무 예뻐요!! 지금 입기 좋은 두께감인데 좀 길어요! 그래도 조거라서 조절 가능합니다!",5,2026-04-18T13:47:46.000+09:00,1,5969254,엔젤 아플리케 커브드 스웨트 팬츠[그레이],슬릭글로우,SLEEKGLOW,sleekglow,N,2026-02-02T16:28:21.000+09:00,FREE,,,강력한블루스포츠,여성,160,61,3,0,0,1,415422079,musinsa,https:/data/estimate/5969254_0/545e213baa2646ae9b7b0a620c4b4220.jpg | https:/data/estimate/5969254_0/47b51b93aed4499c98039912b1ea4c99.jpg,https:/images/goods_img/20260202/5969254/5969254_17707721815085_100.jpg,조금 큼,화면과 비슷,보통,강함
83352922,experience,체험단,"전체적으로 여유 있는 핏이라서 입었을 때 편안함이 제일 크게 느껴졌고, 원단도 부드러워서 장시간 착용해도 부담이 없었어요. 허리 밴딩도 탄탄하게 잡아줘서 흘러내림 없이 안정감 있게 착용할 수 있었고, 밑단 스트링으로 핏 조절이 가능한 점도 활용도가 높다고 느꼈어요.
디자인적으로는 심플한 그레이 컬러라서 어떤 상의랑 매치해도 잘 어울리고, 특히 뒷부분에 들어간 날개 포인트가 은근히 포인트가 돼서 밋밋하지 않은 게 좋았어요. 과하지 않으면서도 유니크한 느낌이라 데일리로 입기에도 부담 없고, 꾸안꾸 스타일로 연출하기 딱 좋은 아이템이에요.",5,2026-04-01T00:12:24.000+09:00,0,5969254,엔젤 아플리케 커브드 스웨트 팬츠[그레이],슬릭글로우,SLEEKGLOW,sleekglow,N,2026-02-02T16:28:21.000+09:00,FREE,,,참신한뉴욕룩북,여성,161,50,3,0,0,1,412148544,musinsa,https:/data/estimate/5969254_0/dc23940df0e8412b8fc38af1723ae53d.jpg | https:/data/estimate/5969254_0/bb71b7b1664c4338b839a9ad35f1b6aa.jpg | https:/data/estimate/5969254_0/e90bfa75e37e454a843114793e820242.jpg | https:/data/estimate/5969254_0/79aa42901c524fb3887a45a4c6156f1f.jpg | https:/data/estimate/5969254_0/f304929ebccd41e98dcc1470ebcc9229.jpg | https:/data/estimate/5969254_0/87fec46725da4139a6c08272df05dff5.jpg,https:/images/goods_img/20260202/5969254/5969254_17707721815085_100.jpg,조금 큼,화면과 비슷,매우 좋음,적당함
83295037,experience,체험단,"슬릭글로우
엔젤 아플리케 커브드 스웨트 팬츠[그레이]

•사이즈/길이
프리인만큼 정말 사이즈가 넉넉하고 좋았어요! 특히 신축성이 정말 좋아서 누구나 입어도 맞을거같았어요. 그리고 이런 스웨트 팬츠는 길이가 아쉬운 적이 많았는데 이 제품은 총장이 길어서 170이 넘는 저에게도 길이가 남더라고요🥹 저는 바지를 길게 입는걸 좋아해서 감동포인트였답니다.

•디자인
타사 바지랑 똑같아보이지만 다른 슬릭글로우가 가지고 있는 이 귀여운 날개 포인트! 바지 뒷면에 있는 날개 두개가 심심해보이는 바지에 포인트를 줘서 마음에 들어라고요! 위치도 적당해서 크롭한 기장에도 엉덩이를 살짝 지나는 기장에도 보였어요!!

•기타
허리 밴딩덕분에 안정감 있게 입을 수 있었고 사진처럼 하단에 조절할 수 있어서 키 때문에 못 살 이유 없다고 생각이 들어요😁 재질도 정말 너무 좋았어요. 타사 바지랑 비교했을때도 유독 좋은게 티가 나더라고요. 사계절동안 입어도 괜찮을 정도!!

* 전신거울이 없어서 위에서 아래로 찍은 사진을 첨부했습니다! 보이는 핏 그대로 나와요!",5,2026-03-29T13:11:11.000+09:00,0,5969254,엔젤 아플리케 커브드 스웨트 팬츠[그레이],슬릭글로우,SLEEKGLOW,sleekglow,N,2026-02-02T16:28:21.000+09:00,FREE,,,독특한LA빅카라,여성,40,2,2,0,0,1,412148547,musinsa,https:/data/estimate/5969254_0/71b7318d131f4443b3841517789bd9a0.jpg | https:/data/estimate/5969254_0/3a9256b5cdb540f39dd33ab23f2103cb.jpg | https:/data/estimate/5969254_0/9defd8bada3b4152a3f3d21d9d27af66.jpg | https:/data/estimate/5969254_0/e07d40d5b3dd4084a4fde5c1c3870c50.jpg | https:/data/estimate/5969254_0/81797645fef64e28ba2cc3fec4a75288.jpg,https:/images/goods_img/20260202/5969254/5969254_17707721815085_100.jpg,조금 큼,화면과 비슷,좋음,매우 강함
83242297,experience,체험단,"뒤에 엉덩이쪽에 날개 포인트가 있어서 심심할 수 있는 옷이 귀여운 느낌이 나는 것 같아요!
날개 포인트도 땡땡이로 들어가 있어서 더 귀여워요
사이즈도 넉넉하게 나와서 좋아요 아방한 핏으로 편하게 입기 좋아요
대신 키가 작은 분들은 조금 클 수도 있을 것 같아요ㅜ
하지만 스트링이 있어 조거로 만들어 입을 수도 있습니다
핀턱이 들어가 있고 두께감은 적당해서 지금 입기 딱 좋아요! 사계절 가능입니다 소재도 보풀 쉽게 안 일어나는 원단이에요
가격도 저렴해서 구매하면 무난하게 데일리로 입기 좋은 옷입니당",5,2026-03-26T20:24:08.000+09:00,0,5969254,엔젤 아플리케 커브드 스웨트 팬츠[그레이],슬릭글로우,SLEEKGLOW,sleekglow,N,2026-02-02T16:28:21.000+09:00,FREE,,,팍팍한핑크키링,여성,169,5,6,0,0,1,407583161,musinsa,https:/data/estimate/5969254_0/2f049ca4845b42e292853d147b629ba3.jpg | https:/data/estimate/5969254_0/a052c15a418244668786fce826dbfb4b.jpg | https:/data/estimate/5969254_0/56a5b55305c4409e947f5ea742c3e8f9.jpg | https:/data/estimate/5969254_0/fcdada6137024ab6bc14d630a902a748.jpg | https:/data/estimate/5969254_0/f4c8c70616554d9195aa064e074b6088.jpg,https:/images/goods_img/20260202/5969254/5969254_17707721815085_100.jpg,조금 큼,화면과 비슷,좋음,강함
83802230,style,스타일,제 키에 좀 많이 길긴 한데 스트링 있어서 조여 입으면 끌리지는 않게 입을 수 있어요 날개 포인트 진짜 귀엽구요 상의를 좀 길게 입어서 가려지게 입으면 무난한 회색바지 그자체라서 편하게 잘 입을 것 같아요,5,2026-04-19T17:11:21.000+09:00,0,5969254,엔젤 아플리케 커브드 스웨트 팬츠[그레이],슬릭글로우,SLEEKGLOW,sleekglow,N,2026-02-02T16:28:21.000+09:00,FREE,,,예민한로마단화,여성,157,55,3,0,0,1,415496741,musinsa,https:/data/estimate/5969254_0/4588caf6f14a47d38d1b97d452ae583d.jpg | https:/data/estimate/5969254_0/e6743a0a74844a30a1502181987e1e19.jpg,https:/images/goods_img/20260202/5969254/5969254_17707721815085_100.jpg,정사이즈,화면과 비슷,매우 좋음,매우 강함
83763836,style,스타일,"품질 좋은 바지, 저는 예쁜 것을 정말 좋아해요. 친구도 재질이 좋아서 사기로 했어요.",5,2026-04-17T23:31:19.000+09:00,0,5969254,엔젤 아플리케 커브드 스웨트 팬츠[그레이],슬릭글로우,SLEEKGLOW,sleekglow,N,2026-02-02T16:28:21.000+09:00,FREE,,,넓은뉴델리초커,여성,160,56,1,0,0,1,415043773,musinsa,https:/data/estimate/5969254_0/94ab5cf678b54e5d8fcd36a7128d3e39.jpg | https:/data/estimate/5969254_0/58654b5e10a14b3390411b6b10c28230.jpg,https:/images/goods_img/20260202/5969254/5969254_17707721815085_100.jpg,조금 큼,화면과 비슷,매우 좋음,강함
83690891,general,일반,"사이즈가 괜찮을 것 같았는데 정말 엄청 커요 ㅠ
디자인은 엄청 예쁜데 아쉽네요..",3,2026-04-15T06:42:31.000+09:00,0,5969254,엔젤 아플리케 커브드 스웨트 팬츠[그레이],슬릭글로우,SLEEKGLOW,sleekglow,N,2026-02-02T16:28:21.000+09:00,FREE,,,망꼬밍,여성,155,47,5,0,0,1,414041244,musinsa,https:/data/estimate/5969254_0/8cc115b6499e4f3599421c62d39b7649.jpg,https:/images/goods_img/20260202/5969254/5969254_17707721815085_100.jpg,많이 큼,화면과 비슷,좋음,적당함
83530502,general,일반,"딸아이가  엉덩이 부분 포인트가 맘에 든다고 고른건데, 귀엽긴합니다ㅎㅎ",4,2026-04-08T14:00:51.000+09:00,0,5969254,엔젤 아플리케 커브드 스웨트 팬츠[그레이],슬릭글로우,SLEEKGLOW,sleekglow,N,2026-02-02T16:28:21.000+09:00,FREE,,,존중하는런던미니,여성,165,48,3,0,0,1,411382577,musinsa,https:/data/estimate/5969254_0/ce003d763c624bd7bd09faa80d74a00a.jpg | https:/data/estimate/5969254_0/726261170f04454f9aa72fc6c5eb0814.jpg,https:/images/goods_img/20260202/5969254/5969254_17707721815085_100.jpg,조금 큼,화면과 비슷,좋음,강함
83511499,style,스타일,음..많이 길어서 통굽신발 신어야해요 그리고 살짝 알라딘아저씨가 되는 느낌 쩝..디자인은 귀여워용,3,2026-04-07T19:27:35.000+09:00,0,5969254,엔젤 아플리케 커브드 스웨트 팬츠[그레이],슬릭글로우,SLEEKGLOW,sleekglow,N,2026-02-02T16:28:21.000+09:00,FREE,,,화창한마포패션,여성,162,50,3,0,0,1,414110694,musinsa,https:/data/estimate/5969254_0/d01b6ff9f32e43ee9cc4297d53fcb607.jpg,https:/images/goods_img/20260202/5969254/5969254_17707721815085_100.jpg,많이 큼,화면과 비슷,보통,적당함
83481149,general,일반,엉덩이 진짜 너무 귀여운데 재질이… 되게 얇고 보풀 잘 날 것 같은 연약 st 그래서 핏은 예쁘게 떨어지지만 오래는 못 입을 듯 해요 ㅠ,5,2026-04-06T12:11:47.000+09:00,0,5969254,엔젤 아플리케 커브드 스웨트 팬츠[그레이],슬릭글로우,SLEEKGLOW,sleekglow,N,2026-02-02T16:28:21.000+09:00,FREE,,,ㅁㅇ래에,여성,163,60,6,0,0,1,411805530,musinsa,https:/data/estimate/5969254_0/47ba8fd1c66b4f27a57d21ed280add43.jpg,https:/images/goods_img/20260202/5969254/5969254_17707721815085_100.jpg,조금 큼,화면과 비슷,보통,적당함
83481134,style,스타일,엉덩이 진짜 너무 귀여운데 재질이… 되게 얇고 보풀 잘 날 것 같은 연약 st 그래서 핏은 예쁘게 떨어지지만 오래는 못 입을 듯 해요 ㅠ,5,2026-04-06T12:10:51.000+09:00,0,5969254,엔젤 아플리케 커브드 스웨트 팬츠[그레이],슬릭글로우,SLEEKGLOW,sleekglow,N,2026-02-02T16:28:21.000+09:00,FREE,,,ㅁㅇ래에,여성,163,60,6,0,0,1,411805530,musinsa,https:/data/estimate/5969254_0/6f8d5965f41449238f490a14844c7e42.jpg,https:/images/goods_img/20260202/5969254/5969254_17707721815085_100.jpg,조금 큼,화면과 비슷,보통,적당함
83263926,style,스타일,"길이도 좋구 날개도 적당해요
다른색도 사고 싶네요",4,2026-03-27T20:33:43.000+09:00,0,5969254,엔젤 아플리케 커브드 스웨트 팬츠[그레이],슬릭글로우,SLEEKGLOW,sleekglow,N,2026-02-02T16:28:21.000+09:00,FREE,,,하얀아가일,여성,167,65,3,0,0,1,411439427,musinsa,https:/data/estimate/5969254_0/1f4aea107cc14f639a5a60431b5812e9.jpg,https:/images/goods_img/20260202/5969254/5969254_17707721815085_100.jpg,조금 작음,밝음,나쁨,거의 없음
83220987,style,스타일,"너무 귀엽습니다.
엉덩이가 포인트구요
아방핏인데 뚱뚱해보이진않아요",5,2026-03-25T21:37:58.000+09:00,0,5969254,엔젤 아플리케 커브드 스웨트 팬츠[그레이],슬릭글로우,SLEEKGLOW,sleekglow,N,2026-02-02T16:28:21.000+09:00,FREE,,,품격있는인천플랫,여성,167,54,2,0,0,1,411099022,musinsa,https:/data/estimate/5969254_0/ab3763eb0fe548fc914b4bd47cf0bbbe.jpg,https:/images/goods_img/20260202/5969254/5969254_17707721815085_100.jpg,정사이즈,화면과 비슷,보통,적당함
83220970,general,일반,"엉덩이가 아주포인트구요
아방핏으로 귀엽습니다.
다리 긴편인데 길이도 만족해요",5,2026-03-25T21:37:13.000+09:00,0,5969254,엔젤 아플리케 커브드 스웨트 팬츠[그레이],슬릭글로우,SLEEKGLOW,sleekglow,N,2026-02-02T16:28:21.000+09:00,FREE,,,품격있는인천플랫,여성,167,54,2,0,0,1,411099022,musinsa,https:/data/estimate/5969254_0/f49fe10334ec44ac9c0b90324d2beebb.jpg,https:/images/goods_img/20260202/5969254/5969254_17707721815085_100.jpg,정사이즈,화면과 비슷,보통,적당함
83104363,experience,체험단,"이 바지는 예전부터 갖고 싶었던 제품이었어요
포인트 들어간 옷을 엄청 좋아하는데 이 트레이닝바지엔 너무 귀여운 날개가 있어서 눈에 쏙 들어옵니다 ..😍😍 친구들도 정보를 정말 많이 물어봐줬습니다 ㅎㅎ 두께가 두껍지 않아서 여름같은 더운날에도 입을 수 있을 거 같아요!! 그리고 길이가 길어서 키 크신 분도 입을 수 있을 거 같고 저처럼 키가 작아도 밑에 조이면 예쁜 핏 나옵니다 !! 대학생이라 뭐입을지 늘 고민이 되는데 이 바지 하나면 ~~~ 그런 걱정 없을 듯합니다 편하게 착용할 수 있는 바지라서 더 만족스러워요 회색 바지 하나 필요하시면 무조건 추천!!",5,2026-03-20T21:04:22.000+09:00,2,5969254,엔젤 아플리케 커브드 스웨트 팬츠[그레이],슬릭글로우,SLEEKGLOW,sleekglow,N,2026-02-02T16:28:21.000+09:00,FREE,,,biniyaa,여성,162,54,4,0,0,1,407583166,musinsa,https:/data/estimate/5969254_0/fbbd06071ad943aa8510a8c7e69e08af.jpg | https:/data/estimate/5969254_0/bd275de0902d4d33955d1855aa79a391.jpg | https:/data/estimate/5969254_0/00e2580115a142c0969e3bdbffa06a96.jpg | https:/data/estimate/5969254_0/9a30ca78e39c47959319aa77eec95738.jpg | https:/data/estimate/5969254_0/b31e80b526b74e809d6be0fe05c118d1.jpg,https:/images/goods_img/20260202/5969254/5969254_17707721815085_100.jpg,정사이즈,화면과 비슷,보통,적당함
82932256,experience,체험단,키가 170이 넘는데 기장이 길어서 아팡핏 가능해요!! 질도 너무 좋고 쭈구려 앉아서 있는 버릇이 있어서 무릎 나오는거 엄청 신경쓰는데 오늘 하루종일 다리꼬고 쭈그리고 다했는데 무릎도 하나도 안나오고 너무 좋아요ㅠㅠ 그리구 엉덩이에 패치가 넘 귀엽습니다!!! 키가 작으신 분들도 바지 밑단에 스트링 있어서 조여서 입으시면 너무 귀여울거 같아요!!! 넘 이뻐서 검정색 구매했어요ㅎㅎ스트링쪽 마감도 지저분 하지않고 아주 깔끔하고 단단하게 잘 되어있어요! 퀄리티가 전체적으로 너무 좋아서 만족합니다 모두 구매하시길..,5,2026-03-13T21:11:15.000+09:00,2,5969254,엔젤 아플리케 커브드 스웨트 팬츠[그레이],슬릭글로우,SLEEKGLOW,sleekglow,N,2026-02-02T16:28:21.000+09:00,FREE,,,계빈이,여성,173,53,4,0,0,1,407583164,musinsa,https:/data/estimate/5969254_0/82e917a7a21c41229b5c252ed832d75a.jpg | https:/data/estimate/5969254_0/6fef92c4982f415491a7485fc88fd627.jpg | https:/data/estimate/5969254_0/be3e42a610f244c5b76b39378f2b5047.jpg | https:/data/estimate/5969254_0/a2057e4303bc4900a6145d779e97f572.jpg | https:/data/estimate/5969254_0/011d9fecb97a4b90b596eb6564ba6799.jpg,https:/images/goods_img/20260202/5969254/5969254_17707721815085_100.jpg,조금 큼,화면과 비슷,매우 좋음,매우 강함
82864157,experience,체험단,"체험단 선정 감사합니다!ど⁰̷̴͈꒨⁰̷̴͈う

일단 받자마자 엉덩이 부분에 날개모양 땡땡이 포인트들이 바로 눈에 들어왔어요! 과하지 않고 크기도 적당해 튀는걸 좋아하지 않는 사람들도 포인트로 입기 좋고,이런 귀여운 포인트를 좋아하는 저 같은 사람들은 너무나 더 좋아할거 같습니당 

•소재와 두께감•
부드러운 원단이라 좋아요!두께감도 두껍지 않은데 탄탄한 소재라 무거운 느낌도 없고 편하게 입을 수 있를거같아요! 겨울에는 두겹으로 입으면 사계절동안 입을 수 있을 것같아요!! 

•핏•
바지는 개인적으로 크게 입는 걸 좋아하는데 밑단에 스트링으로 조일 수 있게 되어있어서 끌리지 않으면서 (조이지 않으면 한참 끌리긴 합니당)핏은 핏대로 살릴 수 있어서 너무 마음에 들었어요!트레이닝 바지 특유의 무릎 튀어나오는 현상도 못 느꼈습니다! 힘 있게 떨어지는 핏!

•착용감•
허리 밴딩이 넓게되어있어서 절대 흘러내리지 않을거같고(넓지만 전혀 불편하다는 느낌이 없어요!) 끈 나오는걸 정말 싫어하는데 하지만 끈이 안으로 들어가있어서 섬세하게 만들어진 느낌이라 너무 좋았어요!하지만 밴딩이 애초에 잘 되어있어서 끈을 조이지 않아도 저는 괜찮았어요!

보풀도 없고 너무 모든게 만족하는 바지인지라 너무 추천드려요! 편하게 오래 입을 수있을거같고 어떤 룩에 입어도 잘 어울려용 고민중이시라면 꼭 추천 드립니다!! ✧⁺⸜(●′▾‵●)⸝⁺✧",5,2026-03-11T00:31:12.000+09:00,2,5969254,엔젤 아플리케 커브드 스웨트 팬츠[그레이],슬릭글로우,SLEEKGLOW,sleekglow,N,2026-02-02T16:28:21.000+09:00,FREE,,,흥국흥국,여성,162,53,3,0,0,1,407583165,musinsa,https:/data/estimate/5969254_0/cedb44a32e4647f1aa7f7f92d60035d3.jpg | https:/data/estimate/5969254_0/e729a61fb0564d90baab4b3a8fbcbd99.jpg | https:/data/estimate/5969254_0/846a8a374f9441a3b704ad132fffcfec.jpg | https:/data/estimate/5969254_0/91ee183ba13940e9a7ef96ad34d0198b.jpg | https:/data/estimate/5969254_0/a4a92cc7c18c4e4cb7130432002d0f52.jpg | https:/data/estimate/5969254_0/72088429b207439bbe5e1dbe0c12ca60.jpg,https:/images/goods_img/20260202/5969254/5969254_17707721815085_100.jpg,조금 큼,화면과 비슷,보통,적당함
82797763,style,스타일,생각한 거보다는 색상은 더 짙은 그레이었는데 그래도 너무 귀엽고 예뻐요!! 날개도 포인트되고 생각보다 크기는 한데 발목에 스트링있어서 조절하면 딱 예쁜핏이에요.!,5,2026-03-08T00:24:35.000+09:00,4,5969254,엔젤 아플리케 커브드 스웨트 팬츠[그레이],슬릭글로우,SLEEKGLOW,sleekglow,N,2026-02-02T16:28:21.000+09:00,FREE,,,차가운LA쇼핑백,여성,169,53,3,0,0,1,405763895,musinsa,https:/data/estimate/5969254_0/3dd8b67b00464f2bb24bb6496bfc3365.jpg,https:/images/goods_img/20260202/5969254/5969254_17707721815085_100.jpg,조금 큼,어두움,보통,강함
82842157,general,일반,날개 넘 귀여워용 길이가 좀 긴데 아래 조이면 ㅈㅉ 모델분 핏처럼 예쁘게 나와요 짱,5,2026-03-10T01:03:53.000+09:00,3,5969254,엔젤 아플리케 커브드 스웨트 팬츠[그레이],슬릭글로우,SLEEKGLOW,sleekglow,N,2026-02-02T16:28:21.000+09:00,FREE,,,정채ah,여성,162,45,3,0,0,1,404870204,musinsa,https:/data/estimate/5969254_0/d6b209592d464543ba1f3723f2df1c72.jpg,https:/images/goods_img/20260202/5969254/5969254_17707721815085_100.jpg,조금 큼,화면과 비슷,좋음,강함
82805724,general,일반,생각한 거보다는 색상은 더 짙은 그레이었는데 그래도 너무 귀엽고 예뻐요!! 날개도 포인트되고 생각보다 크기는 한데 발목에 스트링있어서 조절하면 딱 예쁜핏이에요.!,5,2026-03-08T13:35:46.000+09:00,3,5969254,엔젤 아플리케 커브드 스웨트 팬츠[그레이],슬릭글로우,SLEEKGLOW,sleekglow,N,2026-02-02T16:28:21.000+09:00,FREE,,,차가운LA쇼핑백,여성,169,53,3,0,0,1,405763895,musinsa,https:/data/estimate/5969254_0/baad511f5242411483b9ed10b0b44bde.jpg,https:/images/goods_img/20260202/5969254/5969254_17707721815085_100.jpg,많이 큼,어두움,보통,매우 강함
82898641,general,일반,예쁘고 편합니다 다른 색깔로 하나 더 살 생각이에요 160 기준 좀 길긴해요,5,2026-03-12T12:54:01.000+09:00,2,5969254,엔젤 아플리케 커브드 스웨트 팬츠[그레이],슬릭글로우,SLEEKGLOW,sleekglow,N,2026-02-02T16:28:21.000+09:00,FREE,,,채채은김,여성,160,55,5,0,0,1,407887240,musinsa,https:/data/estimate/5969254_0/8a149e8854084c74a95e09a051a9e3f0.jpg,https:/images/goods_img/20260202/5969254/5969254_17707721815085_100.jpg,조금 큼,화면과 비슷,매우 좋음,매우 강함
83042599,general,일반,"기장 길어서 좋고 너무 편해요
특히 엉덩이 날개 포인트!! 넘 귀여워서 이거 입을 때 일부러 짧은 상의만 입음
요즘 가장 잘산템입니다",5,2026-03-18T14:33:53.000+09:00,1,5969254,엔젤 아플리케 커브드 스웨트 팬츠[그레이],슬릭글로우,SLEEKGLOW,sleekglow,N,2026-02-02T16:28:21.000+09:00,FREE,,,짱니야,여성,169,62,3,0,0,1,408527023,musinsa,https:/data/estimate/5969254_0/27401655b9c249eba15164017ea24bdf.jpg | https:/data/estimate/5969254_0/a11c08eaa51d41798021fce94b258e03.jpg,https:/images/goods_img/20260202/5969254/5969254_17707721815085_100.jpg,조금 큼,화면과 비슷,보통,강함
82737949,general,일반,재질이 부드럽고 디자인도 너무 이뻐서 맘에 들어요!! 근데 너무 커요ㅠ,5,2026-03-05T15:29:06.000+09:00,1,5969254,엔젤 아플리케 커브드 스웨트 팬츠[그레이],슬릭글로우,SLEEKGLOW,sleekglow,N,2026-02-02T16:28:21.000+09:00,FREE,,,_O._.O_,여성,163,50,4,0,0,1,406346931,musinsa,https:/data/estimate/5969254_0/0f8bbb8f13cf4352b1bc89bd34ed1586.jpg,https:/images/goods_img/20260202/5969254/5969254_17707721815085_100.jpg,많이 큼,화면과 비슷,보통,적당함
83408219,style,스타일,얇고 후들거리는 재질이고 날개 포인트가 이뻐용,5,2026-04-03T07:02:13.000+09:00,2,5969254,엔젤 아플리케 커브드 스웨트 팬츠[그레이],슬릭글로우,SLEEKGLOW,sleekglow,N,2026-02-02T16:28:21.000+09:00,FREE,,,어리둥절한오버핏,여성,161,51,5,0,0,1,409033755,musinsa,https:/data/estimate/5969254_0/eb0c753434b94794a8c44d29622583da.jpg | https:/data/estimate/5969254_0/2a84baf88b0a48a3bf7e5ecd0848ca2d.jpg,https:/images/goods_img/20260202/5969254/5969254_17707721815085_100.jpg,정사이즈,화면과 비슷,좋음,강함
83140570,general,일반,바지가 아방하고 귀여워요 봄에서 가을까지 입어도 괜춘할거같고 발목에 스트링이 있어서 길면 조절할 수 있다는 점이 좋아요. 면도 부들부들 거려서 마음에 듭니다 날개패치가 뒤에 포인트라 자주 입으려고 두장 샀어요. 사진을 몬 찍어둔게ㅜ아쉽네요.,5,2026-03-22T14:33:02.000+09:00,2,5969254,엔젤 아플리케 커브드 스웨트 팬츠[그레이],슬릭글로우,SLEEKGLOW,sleekglow,N,2026-02-02T16:28:21.000+09:00,FREE,,,말린푸,여성,165,50,3,0,0,1,406519871,musinsa,,https:/images/goods_img/20260202/5969254/5969254_17707721815085_100.jpg,정사이즈,화면과 비슷,보통,적당함
83787244,general,일반,엉덩이의 날개가 너무 귀엽구 길이도 길구 끈으로 조절할 수 있는것도 좋아용.. 키가 크던 작던 누구나 입을 수도 있구!! 제가 입을려구 샀는데 요즘에는 남자친구가 매일 뺏어입네용 ㅜ,5,2026-04-18T23:05:32.000+09:00,1,5969254,엔젤 아플리케 커브드 스웨트 팬츠[그레이],슬릭글로우,SLEEKGLOW,sleekglow,N,2026-02-02T16:28:21.000+09:00,FREE,,,xuanzhi,여성,163,85,4,0,0,1,409719469,musinsa,,https:/images/goods_img/20260202/5969254/5969254_17707721815085_100.jpg,조금 큼,화면과 비슷,좋음,매우 강함
83590764,general,일반,원단이 가벼워서 착용감이 좋고 엉덩이 포인트가 너무 귀여워서 만족합니다,5,2026-04-10T21:57:07.000+09:00,1,5969254,엔젤 아플리케 커브드 스웨트 팬츠[그레이],슬릭글로우,SLEEKGLOW,sleekglow,N,2026-02-02T16:28:21.000+09:00,FREE,,,성진sun,여성,168,60,6,0,0,1,408728309,musinsa,,https:/images/goods_img/20260202/5969254/5969254_17707721815085_100.jpg,조금 큼,화면과 비슷,매우 좋음,적당함
83405644,general,일반,"디자인이 너무 이쁘고 핏도 너무 이뻐요…
다른 색상으로 또 구매하고싶어요ㅎㅎ",5,2026-04-02T23:20:57.000+09:00,1,5969254,엔젤 아플리케 커브드 스웨트 팬츠[그레이],슬릭글로우,SLEEKGLOW,sleekglow,N,2026-02-02T16:28:21.000+09:00,FREE,,,신나는남산뷰티,여성,156,50,2,0,0,1,411177357,musinsa,,https:/images/goods_img/20260202/5969254/5969254_17707721815085_100.jpg,조금 큼,화면과 비슷,매우 좋음,매우 강함
83327053,general,일반,엉덩이에 날개 포인트 귀여워용 핏도 이쁘고 좋아용,5,2026-03-30T22:19:13.000+09:00,1,5969254,엔젤 아플리케 커브드 스웨트 팬츠[그레이],슬릭글로우,SLEEKGLOW,sleekglow,N,2026-02-02T16:28:21.000+09:00,FREE,,,패기있는체코착장,여성,163,48,3,0,0,1,410261607,musinsa,,https:/images/goods_img/20260202/5969254/5969254_17707721815085_100.jpg,정사이즈,화면과 비슷,보통,적당함
83321997,general,일반,ㅈㅉ이뻐요 땅에질질끌리는 바지라서 더 좋아용 건조기 돌렸다가 쭐어들어버려서 대충 입다가 다시 살거에여,5,2026-03-30T18:25:12.000+09:00,1,5969254,엔젤 아플리케 커브드 스웨트 팬츠[그레이],슬릭글로우,SLEEKGLOW,sleekglow,N,2026-02-02T16:28:21.000+09:00,FREE,,,이동화전여친,여성,166,58,4,0,0,1,409638444,musinsa,,https:/images/goods_img/20260202/5969254/5969254_17707721815085_100.jpg,조금 큼,화면과 비슷,보통,적당함
83301330,general,일반,제 키에 아방핏이에요 허리가 기본젇으러 작아서 흘러내릴 걱전은 안해도 된다는 점은 졸아오 그리고 날개 패치 진짜 귀야워요,5,2026-03-29T18:07:05.000+09:00,1,5969254,엔젤 아플리케 커브드 스웨트 팬츠[그레이],슬릭글로우,SLEEKGLOW,sleekglow,N,2026-02-02T16:28:21.000+09:00,FREE,,,화요일짱,여성,168,52,4,0,0,1,412075019,musinsa,,https:/images/goods_img/20260202/5969254/5969254_17707721815085_100.jpg,조금 큼,화면과 비슷,보통,강함
83173610,general,일반,편하게 입기 너무 좋고  일단 너무 귀여움 자주 입을것 같음!,5,2026-03-23T22:12:07.000+09:00,1,5969254,엔젤 아플리케 커브드 스웨트 팬츠[그레이],슬릭글로우,SLEEKGLOW,sleekglow,N,2026-02-02T16:28:21.000+09:00,FREE,,,핫한세인트폴양말,,164,62,1,0,0,1,410911921,musinsa,,https:/images/goods_img/20260202/5969254/5969254_17707721815085_100.jpg,정사이즈,화면과 비슷,보통,적당함
83763771,general,일반,"저는 바지의 소재가 마음에 들었어요. 정말 잘 만들어졌고, 유일한 점은 사이즈가 없고 프리만 있어서 조금 길다는 거예요.",5,2026-04-17T23:28:19.000+09:00,0,5969254,엔젤 아플리케 커브드 스웨트 팬츠[그레이],슬릭글로우,SLEEKGLOW,sleekglow,N,2026-02-02T16:28:21.000+09:00,FREE,,,넓은뉴델리초커,여성,160,56,1,0,0,1,415043773,musinsa,https:/data/estimate/5969254_0/87b56b18e5b047f2baf7fc1c5b800819.jpg | https:/data/estimate/5969254_0/75865c0f6b0a4ca9b16c3d0f2102cf3a.jpg,https:/images/goods_img/20260202/5969254/5969254_17707721815085_100.jpg,조금 큼,화면과 비슷,매우 좋음,강함
83530568,style,스타일,"엄마 눈에는 엉덩이에 천사 날개가 조금 웃겼지만, 딸아이는 이것때문에 샀다고합니다.
본인은 아주 만족스러워해요^----^",4,2026-04-08T14:02:50.000+09:00,0,5969254,엔젤 아플리케 커브드 스웨트 팬츠[그레이],슬릭글로우,SLEEKGLOW,sleekglow,N,2026-02-02T16:28:21.000+09:00,FREE,,,존중하는런던미니,여성,162,48,3,0,0,1,411382577,musinsa,https:/data/estimate/5969254_0/642db16ca8fb40fd9fe0b723bb497f00.jpg | https:/data/estimate/5969254_0/5bd05fb8c2aa41099e88a30113937150.jpg,https:/images/goods_img/20260202/5969254/5969254_17707721815085_100.jpg,정사이즈,화면과 비슷,보통,적당함
82245598,general,일반,남색 날개가 귀엽고 신축성 약간 있는편이라 편안해요,5,2026-02-13T19:32:11.000+09:00,4,5969254,엔젤 아플리케 커브드 스웨트 팬츠[그레이],슬릭글로우,SLEEKGLOW,sleekglow,N,2026-02-02T16:28:21.000+09:00,FREE,,,화사한노랑츄리닝,여성,168,55,4,0,0,1,402541077,musinsa,https:/data/estimate/5969254_0/40ec2d33a1044365b5e615b3f5ec3532.jpg,https:/images/goods_img/20260202/5969254/5969254_17707721815085_100.jpg,정사이즈,화면과 비슷,좋음,강함
82291160,general,일반,"귀여움에반해 구매하게되엇네요
편하게자주 귀엽게입을게요",5,2026-02-15T21:45:48.000+09:00,5,5969254,엔젤 아플리케 커브드 스웨트 팬츠[그레이],슬릭글로우,SLEEKGLOW,sleekglow,N,2026-02-02T16:28:21.000+09:00,FREE,,,폼프로,여성,167,65,3,0,0,1,402568351,musinsa,,https:/images/goods_img/20260202/5969254/5969254_17707721815085_100.jpg,정사이즈,화면과 비슷,매우 좋음,적당함
83786675,general,일반,"길이가 매우 길지만 조일 수 있어서 딱 귀엽게 입을 수 있어요. 
엉덩이 포인투도 굉장히 귀엽고 맘에 들어요
일단 핏이 예쁘답니다!",5,2026-04-18T22:46:51.000+09:00,0,5969254,엔젤 아플리케 커브드 스웨트 팬츠[그레이],슬릭글로우,SLEEKGLOW,sleekglow,N,2026-02-02T16:28:21.000+09:00,FREE,,,예도링링이,여성,160,55,5,0,0,1,412227995,musinsa,,https:/images/goods_img/20260202/5969254/5969254_17707721815085_100.jpg,정사이즈,화면과 비슷,보통,적당함
83773382,general,일반,지금 입기 좋은 두께감이에요! 배송은 2주정도 걸렸는데ㅜㅜ좋아용,5,2026-04-18T13:48:50.000+09:00,0,5969254,엔젤 아플리케 커브드 스웨트 팬츠[그레이],슬릭글로우,SLEEKGLOW,sleekglow,N,2026-02-02T16:28:21.000+09:00,FREE,,,강력한블루스포츠,여성,160,61,3,0,0,1,415422079,musinsa,,https:/images/goods_img/20260202/5969254/5969254_17707721815085_100.jpg,조금 큼,화면과 비슷,보통,강함
83547324,general,일반,"배송빠르고 상품도 너무 마음에 들어요 
감사합니다",5,2026-04-09T00:33:37.000+09:00,0,5969254,엔젤 아플리케 커브드 스웨트 팬츠[그레이],슬릭글로우,SLEEKGLOW,sleekglow,N,2026-02-02T16:28:21.000+09:00,FREE,,,배양8613,여성,162,50,1,0,0,1,410205457,musinsa,,https:/images/goods_img/20260202/5969254/5969254_17707721815085_100.jpg,정사이즈,화면과 비슷,보통,적당함
83512820,general,일반,와 진짜 개커요 개큼 키 159인데 저랑 비슷하몬 절대사지 마세요 진짜 개큽니다 162이상부터 사세요 진짜 너무크고 너무크고 다들 이거 어떻게 입고다니는거지,2,2026-04-07T20:11:00.000+09:00,0,5969254,엔젤 아플리케 커브드 스웨트 팬츠[그레이],슬릭글로우,SLEEKGLOW,sleekglow,N,2026-02-02T16:28:21.000+09:00,FREE,,,창의적인홍콩모델,여성,158,50,3,0,0,1,413827896,musinsa,,https:/images/goods_img/20260202/5969254/5969254_17707721815085_100.jpg,많이 큼,화면과 비슷,보통,매우 강함
83511610,general,일반,허리에서 골반으로 떨어지는 핏이 이쁜데 통이 넓어서 살짝 알라딘아저씨 핏같아요,3,2026-04-07T19:30:38.000+09:00,0,5969254,엔젤 아플리케 커브드 스웨트 팬츠[그레이],슬릭글로우,SLEEKGLOW,sleekglow,N,2026-02-02T16:28:21.000+09:00,FREE,,,화창한마포패션,여성,162,50,3,0,0,1,414110694,musinsa,,https:/images/goods_img/20260202/5969254/5969254_17707721815085_100.jpg,많이 큼,화면과 비슷,보통,적당함
83388893,general,일반,엉덩이에 포인트가 좋아요! 귀엽습니다. 바지 통이 넓어서 좋고 길이도 허리 밴딩도 적당합니다,5,2026-04-02T12:26:54.000+09:00,0,5969254,엔젤 아플리케 커브드 스웨트 팬츠[그레이],슬릭글로우,SLEEKGLOW,sleekglow,N,2026-02-02T16:28:21.000+09:00,FREE,,,니가 뭔데;,여성,158,50,3,0,0,1,409108089,musinsa,,https:/images/goods_img/20260202/5969254/5969254_17707721815085_100.jpg,조금 큼,화면과 비슷,좋음,강함
83238162,general,일반,뒤에 날개모양 포인트가 너무 귀엽고 평소애 입기 편해요,4,2026-03-26T17:28:04.000+09:00,0,5969254,엔젤 아플리케 커브드 스웨트 팬츠[그레이],슬릭글로우,SLEEKGLOW,sleekglow,N,2026-02-02T16:28:21.000+09:00,FREE,,,dorrie,여성,165,57,5,0,0,1,404095397,musinsa,,https:/images/goods_img/20260202/5969254/5969254_17707721815085_100.jpg,정사이즈,화면과 비슷,보통,적당함
83172086,general,일반,"사이즈도 잘 맞고 디자인도 예쁘지만, 생각했던 핏은 아니어서 아쉬워요ㅠㅠ 그리고 엉덩이쪽 날개가 생각보다는 작더라구요ㅠㅠ
그래도 예뻐요.ᐟ.ᐟ",3,2026-03-23T21:10:19.000+09:00,0,5969254,엔젤 아플리케 커브드 스웨트 팬츠[그레이],슬릭글로우,SLEEKGLOW,sleekglow,N,2026-02-02T16:28:21.000+09:00,FREE,,,웅장한플럼런웨이,여성,166,70,3,0,0,1,410640981,musinsa,,https:/images/goods_img/20260202/5969254/5969254_17707721815085_100.jpg,정사이즈,화면과 비슷,좋음,적당함
83156365,general,일반,엉덩이 포인트가 너무너무 귀여워요ㅠㅠ 길이는 제가 키가 큰 편인데도 좀 깁니다.,4,2026-03-23T01:37:04.000+09:00,0,5969254,엔젤 아플리케 커브드 스웨트 팬츠[그레이],슬릭글로우,SLEEKGLOW,sleekglow,N,2026-02-02T16:28:21.000+09:00,FREE,,,공구오빠,여성,168,63,4,0,0,1,408186561,musinsa,,https:/images/goods_img/20260202/5969254/5969254_17707721815085_100.jpg,조금 큼,화면과 비슷,좋음,적당함
83138918,general,일반,"키가 작은데 기장이 길어서 허리를 접어서 올려 입으니까 엉덩이에 날개가 안 보이네요 엉엉
편하고 예뻐요",5,2026-03-22T13:15:46.000+09:00,0,5969254,엔젤 아플리케 커브드 스웨트 팬츠[그레이],슬릭글로우,SLEEKGLOW,sleekglow,N,2026-02-02T16:28:21.000+09:00,FREE,,,잉글리쉬머핀,여성,161,50,5,0,0,1,406776504,musinsa,,https:/images/goods_img/20260202/5969254/5969254_17707721815085_100.jpg,많이 큼,화면과 비슷,보통,적당함
83132983,general,일반,뒤에 날개 포인트가 정말 귀여웠고 길이가 길어서 저는 좋았어요 바지 통이 생각보다 넓어서 진짜 편했어요 ! 길이가 좀 기니까 키가 조금 작으신분들은 아래 스트링 조이는 것도 있으니 이것도 고려해보세요 !!,5,2026-03-22T01:47:02.000+09:00,0,5969254,엔젤 아플리케 커브드 스웨트 팬츠[그레이],슬릭글로우,SLEEKGLOW,sleekglow,N,2026-02-02T16:28:21.000+09:00,FREE,,,한나ㅇㅇ,여성,170,53,4,0,0,1,410644704,musinsa,,https:/images/goods_img/20260202/5969254/5969254_17707721815085_100.jpg,조금 큼,화면과 비슷,좋음,강함
82245560,style,스타일,날개가 포인트가 돼서 귀엽고 색감도 상세페이지 그대로예요!,5,2026-02-13T19:30:50.000+09:00,3,5969254,엔젤 아플리케 커브드 스웨트 팬츠[그레이],슬릭글로우,SLEEKGLOW,sleekglow,N,2026-02-02T16:28:21.000+09:00,FREE,,,화사한노랑츄리닝,여성,168,55,4,0,0,1,402541077,musinsa,https:/data/estimate/5969254_0/e03aa9990455494eaaed8335e84a2a96.jpg | https:/data/estimate/5969254_0/3e113561d7564c7e8ea3aa29a4b38859.jpg,https:/images/goods_img/20260202/5969254/5969254_17707721815085_100.jpg,정사이즈,화면과 비슷,좋음,강함
82648253,general,일반,스카갈때 입으려고 샀는데 뒤에 날개 그려진게 너무 귀여워서 흔해보이지도 않고 좋아용 다만 키 160인 분들은 바지가 좀 길 수 이썽요,4,2026-03-01T12:43:11.000+09:00,2,5969254,엔젤 아플리케 커브드 스웨트 팬츠[그레이],슬릭글로우,SLEEKGLOW,sleekglow,N,2026-02-02T16:28:21.000+09:00,FREE,,,확실한카키패치,,161,51,1,0,0,1,405292988,musinsa,,https:/images/goods_img/20260202/5969254/5969254_17707721815085_100.jpg,조금 큼,화면과 비슷,좋음,강함
82909295,general,일반,날개포인트가 귀여워서 샀어요 근데 너무...너무 커서 궁전핏이에요,4,2026-03-12T20:52:46.000+09:00,1,5969254,엔젤 아플리케 커브드 스웨트 팬츠[그레이],슬릭글로우,SLEEKGLOW,sleekglow,N,2026-02-02T16:28:21.000+09:00,FREE,,,wlrhfh,여성,170,50,6,0,0,1,405902127,musinsa,https:/data/estimate/5969254_0/74903356ec424d8bb508785d48cb0881.jpg,https:/images/goods_img/20260202/5969254/5969254_17707721815085_100.jpg,많이 큼,화면과 비슷,보통,적당함
82741978,general,일반,바지핏도이쁘고 디자인도이뻐요 진짜 잘산것같아요,5,2026-03-05T18:16:11.000+09:00,1,5969254,엔젤 아플리케 커브드 스웨트 팬츠[그레이],슬릭글로우,SLEEKGLOW,sleekglow,N,2026-02-02T16:28:21.000+09:00,FREE,,,세일중인쿠바체인,여성,160,64,3,0,0,1,407166049,musinsa,,https:/images/goods_img/20260202/5969254/5969254_17707721815085_100.jpg,정사이즈,화면과 비슷,보통,적당함
82898627,style,스타일,좀 길지만 엉덩이 자수 쪽이 예뻐용 다른 색깔로 하나 더 살 생각입니다,5,2026-03-12T12:53:16.000+09:00,0,5969254,엔젤 아플리케 커브드 스웨트 팬츠[그레이],슬릭글로우,SLEEKGLOW,sleekglow,N,2026-02-02T16:28:21.000+09:00,FREE,,,채채은김,여성,160,55,5,0,0,1,407887240,musinsa,https:/data/estimate/5969254_0/d188b8d7a7544a6d8b6bf545ed7ef9d9.jpg,https:/images/goods_img/20260202/5969254/5969254_17707721815085_100.jpg,조금 큼,화면과 비슷,매우 좋음,매우 강함
82949174,general,일반,너무 커여워요 입으면 주변에서 바지 귀엽다고 함 두께는 얇아서 이제 입기 좋을 것 같아요,5,2026-03-14T17:05:11.000+09:00,0,5969254,엔젤 아플리케 커브드 스웨트 팬츠[그레이],슬릭글로우,SLEEKGLOW,sleekglow,N,2026-02-02T16:28:21.000+09:00,FREE,,,ssjghsy,여성,159,60,3,0,0,1,408442180,musinsa,,https:/images/goods_img/20260202/5969254/5969254_17707721815085_100.jpg,많이 큼,화면과 비슷,좋음,강함
82918660,general,일반,뒤에 날개 포인트가 너무 귀엽구 맘에 들어요 진쫘 귀여워영,5,2026-03-13T09:53:08.000+09:00,0,5969254,엔젤 아플리케 커브드 스웨트 팬츠[그레이],슬릭글로우,SLEEKGLOW,sleekglow,N,2026-02-02T16:28:21.000+09:00,FREE,,,진지한합정세럼,여성,165,54,4,0,0,1,406869459,musinsa,,https:/images/goods_img/20260202/5969254/5969254_17707721815085_100.jpg,정사이즈,화면과 비슷,보통,적당함
82903623,general,일반,"귀여워영 완전!!ㄴ
편하게 그리고 … 귀엽게입기조아요",5,2026-03-12T16:56:06.000+09:00,0,5969254,엔젤 아플리케 커브드 스웨트 팬츠[그레이],슬릭글로우,SLEEKGLOW,sleekglow,N,2026-02-02T16:28:21.000+09:00,FREE,,,앤틱한하얀비니,여성,155,55,5,0,0,1,408134219,musinsa,,https:/images/goods_img/20260202/5969254/5969254_17707721815085_100.jpg,많이 큼,화면과 비슷,보통,적당함
82859010,general,일반,바지 핏은 너무 예쁜데 솔직히 배가 너무 쪼여요 ㅜㅜ 어느정도냐면 장기가 튀어나올 것 같아요… 그래도 엉덩이에 날개가 너무 귀엽고 예쁩니다!,4,2026-03-10T21:38:17.000+09:00,0,5969254,엔젤 아플리케 커브드 스웨트 팬츠[그레이],슬릭글로우,SLEEKGLOW,sleekglow,N,2026-02-02T16:28:21.000+09:00,FREE,,,꾸밈없는텍사스힐,여성,170,51,4,0,0,1,405080570,musinsa,,https:/images/goods_img/20260202/5969254/5969254_17707721815085_100.jpg,정사이즈,화면과 비슷,좋음,전혀 없음
82844139,general,일반,"길이가 너무 길어서 수선 맡겨야할 것 같아요.. 완전 끌고 다니는 기장 정도이고, 밴딩이 신축성은 좋은디 밴딩이 이미 너무 쪼여져있어서 허리에 자국 남아서 아플 줄 알았는데 그렇지는 않아서 좋았어요! 재질도 부드럽고 괜찮은 것 같아요! 마감처리는 깔끔하지는 않아요",4,2026-03-10T08:45:37.000+09:00,0,5969254,엔젤 아플리케 커브드 스웨트 팬츠[그레이],슬릭글로우,SLEEKGLOW,sleekglow,N,2026-02-02T16:28:21.000+09:00,FREE,,,오늘부터하얀시계,여성,164,70,1,0,0,1,406650779,musinsa,,https:/images/goods_img/20260202/5969254/5969254_17707721815085_100.jpg,조금 큼,화면과 비슷,좋음,매우 강함
83553849,general,일반,딸이 입을거라 주문했는데 뒤에 천사 문양이 넘 뽀짝 귀여워요..,5,2026-04-09T12:01:15.000+09:00,1,5969254,엔젤 아플리케 커브드 스웨트 팬츠[그레이],슬릭글로우,SLEEKGLOW,sleekglow,N,2026-02-02T16:28:21.000+09:00,FREE,,,은서서준민식맘,여성,155,45,6,0,0,1,412254009,musinsa,,https:/images/goods_img/20260202/5969254/5969254_17707721815085_100.jpg,정사이즈,화면과 비슷,보통,적당함
83253953,general,일반,"사진이랑 똑같아요 사이즈가 넉넉해서 좋아요!
색감도 비슷해요",5,2026-03-27T12:00:12.000+09:00,1,5969254,엔젤 아플리케 커브드 스웨트 팬츠[그레이],슬릭글로우,SLEEKGLOW,sleekglow,N,2026-02-02T16:28:21.000+09:00,FREE,,,배려깊은인천힙합,여성,165,52,3,0,0,1,407436872,musinsa,,https:/images/goods_img/20260202/5969254/5969254_17707721815085_100.jpg,정사이즈,화면과 비슷,좋음,강함
83819445,general,일반,이뻐요!! 근데 생각보다 너뮤 길어요 ㅜㅠㅠ 엉덩이 포인트 너무 이뻐오,5,2026-04-20T09:27:01.000+09:00,0,5969254,엔젤 아플리케 커브드 스웨트 팬츠[그레이],슬릭글로우,SLEEKGLOW,sleekglow,N,2026-02-02T16:28:21.000+09:00,FREE,,,눈부신뉴욕양복,여성,163,47,3,0,0,1,414853324,musinsa,,https:/images/goods_img/20260202/5969254/5969254_17707721815085_100.jpg,조금 큼,화면과 비슷,보통,적당함
83686907,general,일반,너무 길어요 진짜 배바지해야하고요 핏도 생가보다 애매해요,2,2026-04-14T23:36:22.000+09:00,0,5969254,엔젤 아플리케 커브드 스웨트 팬츠[그레이],슬릭글로우,SLEEKGLOW,sleekglow,N,2026-02-02T16:28:21.000+09:00,FREE,,,빛나는검정에코백,여성,162,55,2,0,0,1,414560281,musinsa,,https:/images/goods_img/20260202/5969254/5969254_17707721815085_100.jpg,많이 큼,화면과 비슷,나쁨,강함
83661625,general,일반,보풀은 좀 나지만 진짜 핏도 예쁘고 널널해서 매일 입어여,5,2026-04-14T01:02:21.000+09:00,0,5969254,엔젤 아플리케 커브드 스웨트 팬츠[그레이],슬릭글로우,SLEEKGLOW,sleekglow,N,2026-02-02T16:28:21.000+09:00,FREE,,,거친주황점퍼,여성,167,72,5,0,0,1,407845462,musinsa,,https:/images/goods_img/20260202/5969254/5969254_17707721815085_100.jpg,조금 큼,밝음,좋음,매우 강함
83240791,general,일반,궁둥이 패치긴 귀욤귀욤하고. 스타일리쉬해보임돠,4,2026-03-26T19:18:57.000+09:00,0,5969254,엔젤 아플리케 커브드 스웨트 팬츠[그레이],슬릭글로우,SLEEKGLOW,sleekglow,N,2026-02-02T16:28:21.000+09:00,FREE,,,깊은대만걸코어룩,여성,159,57,1,0,0,1,411645002,musinsa,,https:/images/goods_img/20260202/5969254/5969254_17707721815085_100.jpg,정사이즈,화면과 비슷,좋음,강함
83199714,general,일반,쫌 길지만 밑에 조거처럼 조일 수 있어서 좋아요 >.< ! 포인트도 넘 기야워요,5,2026-03-24T23:43:42.000+09:00,0,5969254,엔젤 아플리케 커브드 스웨트 팬츠[그레이],슬릭글로우,SLEEKGLOW,sleekglow,N,2026-02-02T16:28:21.000+09:00,FREE,,,장마엔초록모델,여성,158,52,3,0,0,1,411023252,musinsa,,https:/images/goods_img/20260202/5969254/5969254_17707721815085_100.jpg,조금 큼,화면과 비슷,보통,적당함
82954669,general,일반,가볍게 입고 나갈수 있는 디자인이라 학교에 갈때 쉽게 나가서 조아요,5,2026-03-14T21:15:57.000+09:00,2,5969254,엔젤 아플리케 커브드 스웨트 팬츠[그레이],슬릭글로우,SLEEKGLOW,sleekglow,N,2026-02-02T16:28:21.000+09:00,FREE,,,광택있는동묘타월,여성,158,62,2,0,0,1,406486814,musinsa,,https:/images/goods_img/20260202/5969254/5969254_17707721815085_100.jpg,정사이즈,화면과 비슷,보통,적당함
83018027,general,일반,"생각보다 기장이 많이 길긴한데
스트링 조여서 입으면 딱 이쁘게 떨어져요",5,2026-03-17T18:21:39.000+09:00,0,5969254,엔젤 아플리케 커브드 스웨트 팬츠[그레이],슬릭글로우,SLEEKGLOW,sleekglow,N,2026-02-02T16:28:21.000+09:00,FREE,,,Gyamy0218,여성,164,58,3,0,0,1,409381394,musinsa,,https:/images/goods_img/20260202/5969254/5969254_17707721815085_100.jpg,조금 큼,화면과 비슷,좋음,강함
82908471,general,일반,"밴딩이 탄탄하고 좋았어요!!
근데 키가 작아서 조금 많이 길어요ㅜ
원래 질질끌고 다니는걸 좋아해서 ㅎ",5,2026-03-12T20:21:22.000+09:00,0,5969254,엔젤 아플리케 커브드 스웨트 팬츠[그레이],슬릭글로우,SLEEKGLOW,sleekglow,N,2026-02-02T16:28:21.000+09:00,FREE,,,현이뿡,여성,157,60,5,0,0,1,408339025,musinsa,,https:/images/goods_img/20260202/5969254/5969254_17707721815085_100.jpg,정사이즈,화면과 비슷,보통,적당함
