review_id,product_id,product_name,rating,contents,created_at,like_count,구매컬러,구매사이즈,사이즈,퀄리티,색감,키,몸무게,평소사이즈
62492333,169027612,[MADE] 히그 로우 스트레이트 밴딩팬츠,5,정말 최고예요,2026-04-19 07:21:04,0,멜란지그레이,,,,,,,
62492331,169027612,[MADE] 히그 로우 스트레이트 밴딩팬츠,5,정말 최고예요,2026-04-19 07:20:59,0,블랙,,,,,,,
62489096,169027612,[MADE] 히그 로우 스트레이트 밴딩팬츠,5,"스트레이트체형한테 핏 징짜 최고에여.. 안잘랏을때가 핏이 제일 예뻣는데 저한테는 너무 길어서 어쩔 수 없이 잘라입엇오요
그래도 너무 오버하지 않고 차르르 떨어지는 느낌이 좋아요
다른 색도 또 구매할듯요!",2026-04-19 05:28:04,0,블랙,,잘 맞아요,만족해요,비슷해요,153cm,53kg,하의 26
62488082,169027612,[MADE] 히그 로우 스트레이트 밴딩팬츠,4,정말 최고예요,2026-04-19 04:51:59,0,블랙,,,,,160cm,49kg,하의 28
62482276,169027612,[MADE] 히그 로우 스트레이트 밴딩팬츠,5,정말 최고예요,2026-04-18 22:44:56,0,블랙,,,,,173cm,55kg,
62478101,169027612,[💚봄신상/MADE] 히그 로우 스트레이트 밴딩팬츠,3,"바지 주머니가 없어요.. 뭔가 필라테스할 때 입어야할 것 같은 느낌
퀄리티능 그냥 지하상가 정도..? 먼지 잘 붙고 그냥 그래요",2026-04-18 13:58:12,0,블랙,,커요,보통이에요,비슷해요,158cm,45kg,하의 24
62477843,169027612,[MADE] 히그 로우 스트레이트 밴딩팬츠,5,제가 키가 작은 편이 아닌데도 길이가 엄청 길더라구요ㅜㅜ 기장이 긴걸 좋아하는 편이지만.. 이 바지만큼은 수선을 해야할 것 같습니다..ㅎ,2026-04-18 13:48:36,0,블랙,,잘 맞아요,보통이에요,비슷해요,167cm,53kg,하의 26
62477603,169027612,[MADE] 히그 로우 스트레이트 밴딩팬츠,4,"와이드핏이 아니라 정핏 느낌이 강해요!! 제 키에는 길이가 좀 짧은듯해요 도톰하고 퀄리티 조아요
다음엔 바지류는 M시키려구요",2026-04-18 13:38:18,0,블랙,,작아요,만족해요,비슷해요,164cm,53kg,하의 28
62448285,169027612,[MADE] 히그 로우 스트레이트 밴딩팬츠,4,정말 최고예요,2026-04-17 09:20:44,0,블랙,,,,,167cm,57kg,하의 28
62438325,169027612,[💚봄신상/MADE] 히그 로우 스트레이트 밴딩팬츠,5,정말 최고예요,2026-04-17 03:57:18,0,멜란지그레이,,,,,159cm,43kg,하의 25
62423448,169027612,[MADE] 히그 로우 스트레이트 밴딩팬츠,4,정말 최고예요,2026-04-16 11:34:25,0,멜란지그레이,,,,,160cm,60kg,하의 29
62405171,169027612,[MADE] 히그 로우 스트레이트 밴딩팬츠,1,"y존부각이 좀 심해요
바지 길어서 다리 기신분들 추천",2026-04-16 00:36:00,0,블랙,,잘 맞아요,보통이에요,비슷해요,171cm,54kg,하의 27
62390944,169027612,[💚봄신상/MADE] 히그 로우 스트레이트 밴딩팬츠,5,엄청 빠르게 배송 받았고 핏도 예뻐요 조금 더 슬림하면 좋았겠지만 만족합니당 뒷면 포켓쪽에 장식이 포인트가 되는것 같아요,2026-04-15 10:42:59,0,블랙,,잘 맞아요,보통이에요,비슷해요,169cm,53kg,하의 26
62382228,169027612,[MADE] 히그 로우 스트레이트 밴딩팬츠,5,"빠르게
잘 받았어요 핏도 이쁘고 길이도 적당하네오",2026-04-15 06:16:29,0,블랙,,잘 맞아요,보통이에요,비슷해요,171cm,47kg,하의 28
62373280,169027612,[MADE] 히그 로우 스트레이트 밴딩팬츠,5,"길이가 조금 길긴하지만 너무 너무 잘 입고 다니고 있어요
편하고 핏이 예뻐요 뒤에 포켓 포인트도 이뻐요
주머니가 없다는게 살짝 아쉬운 졍도?
근데 어차피 있어도 넣으면 핏이 안 이뻐질 거 가튼
그래서 갬차는",2026-04-15 00:31:44,0,블랙,,잘 맞아요,만족해요,비슷해요,166cm,44kg,하의 25
62372446,169027612,[MADE] 히그 로우 스트레이트 밴딩팬츠,5,정말 최고예요,2026-04-14 23:54:00,0,멜란지그레이,,,,,,,
62355027,169027612,[MADE] 히그 로우 스트레이트 밴딩팬츠,4,"164/53 27입는데 스몰하니 딱 좋네요.
앞부분이 살짝 민망하긴 하지만 전체핏은 예쁩니다",2026-04-14 09:15:12,0,블랙,,잘 맞아요,보통이에요,비슷해요,164cm,52kg,하의 27
62354350,169027612,[💚봄신상/MADE] 히그 로우 스트레이트 밴딩팬츠,5,로우라이즈 트레이닝에 엉덩이쪽이 예뻐서 샀는데 너무길었은 그래서 7.5센치 줄여서 좀 길게 입는중 트레이닝바지이지만 포인트로 입기좋음,2026-04-14 08:53:07,0,멜란지그레이,,커요,만족해요,비슷해요,160cm,48kg,하의 25
62346332,169027612,[MADE] 히그 로우 스트레이트 밴딩팬츠,4,정말 최고예요,2026-04-14 03:11:44,0,블랙,,,,,164cm,49kg,하의 26
62333586,169027612,[MADE] 히그 로우 스트레이트 밴딩팬츠,4,몇번 빨면 보풀날 거 같아요 ㅜㅜ 좀 얇고 살짝 후들함 그치만 핏은 진짜 예쁨,2026-04-13 11:05:07,0,블랙,,잘 맞아요,보통이에요,비슷해요,155cm,46kg,하의 24
62329923,169027612,[💚봄신상/MADE] 히그 로우 스트레이트 밴딩팬츠,5,핏이 아주 이뻐요 근데 길이 좀 길어서 줄임뮤 ㅠ 재질 탄탄하고 올 봄 교복템 두께도 적당하고 로우로 내려입으니까 츄리닝이어도 후줄근하지 안코,2026-04-13 07:47:12,0,멜란지그레이,,커요,만족해요,비슷해요,168cm,47kg,하의 26
62323764,169027612,[MADE] 히그 로우 스트레이트 밴딩팬츠,5,정말 최고예요,2026-04-13 03:01:03,0,블랙,,,,,150cm,47kg,하의 27
62316966,169027612,[💚봄신상/MADE] 히그 로우 스트레이트 밴딩팬츠,4,기본 핏이라 무난하게 이뻐요! 근데 바지에 주머니가 없는 건 조금 아쉬워요ㅜ 그래도 뒤에 포켓 디테일이 귀엽고 잘 입고다닐 것 같아요! 기장도 넉넉합니다,2026-04-12 15:49:15,0,블랙,,잘 맞아요,보통이에요,비슷해요,158cm,40kg,
62295713,169027612,[MADE] 히그 로우 스트레이트 밴딩팬츠,5,핏 아주 예뿌고 길이도 좋아요.. 재질도 한여름 제외하곤 입을 수 있을 것 같습니다 다만 주머니가 없어서 조금 불편합미다 ,2026-04-12 01:45:24,0,블랙,,잘 맞아요,보통이에요,비슷해요,162cm,51kg,하의 27
62291459,169027612,[MADE] 히그 로우 스트레이트 밴딩팬츠,5,정말 최고예요,2026-04-11 16:07:55,0,블랙,,,,,166cm,55kg,하의 27
62288402,169027612,[💚봄신상/MADE] 히그 로우 스트레이트 밴딩팬츠,5,핏이 너무 예뻐요 사실 조금 더 핏한 걸 원했는데 생각보다 통이 컸어요 그리고 허리가 조금 컸는데 고무줄 있어서 묶으면 됩니다! 길이감도 좋고 무릎도 잘 안 늘어나는 것 같아요!,2026-04-11 13:38:24,0,블랙,,잘 맞아요,만족해요,비슷해요,165cm,46kg,하의 26
62286310,169027612,[MADE] 히그 로우 스트레이트 밴딩팬츠,5,정말 최고예요,2026-04-11 12:23:35,0,블랙,,,,,169cm,54kg,하의 26
62286107,169027612,[MADE] 히그 로우 스트레이트 밴딩팬츠,5,정말 최고예요,2026-04-11 12:14:17,0,멜란지그레이,,,,,160cm,50kg,하의 28
62282496,169027612,[MADE] 히그 로우 스트레이트 밴딩팬츠,5,정말 최고예요,2026-04-11 09:40:38,0,블랙,,,,,167cm,55kg,하의 27
62279618,169027612,[MADE] 히그 로우 스트레이트 밴딩팬츠,4,바지 핏은 너무 예쁩니다. 그리고 안쪽이 부드러워서 좋아요! 근데 길이가 생각보다 많이 길었어요. 160초반분들이 입으시면 신발 신었을때 바닥에 닿으실 거에요.,2026-04-11 07:47:56,0,멜란지그레이,,커요,만족해요,비슷해요,160cm,44kg,하의 24
62277433,169027612,[MADE] 히그 로우 스트레이트 밴딩팬츠,5,정말 최고예요,2026-04-11 06:38:15,0,블랙,,,,,158cm,40kg,
62265988,169027612,[MADE] 히그 로우 스트레이트 밴딩팬츠,5,정말 최고예요,2026-04-10 15:59:22,0,블랙,,,,,167cm,,
62262189,169027612,[MADE] 히그 로우 스트레이트 밴딩팬츠,3,"탄탄하지 않아서 팬티라인 보이고, 걸을 때 y존 등 실루엣이 티가 좀 나요. 리뷰에서 많이 크대서 s살까하다가 힙에 맞춰서 m샀는데 생각보다 막 안 길어요. S했음 통짜 부츠컷이라 약간 에어로빅 핏됐을 수도,, 

비베이직 와이드 스웻이었나 고건 진짜 괜찮았는데 이건 폴리 혼방 티나는 저렴해보이는 재질이고ㅠ 허리밴딩 이어지는 부분 우글거리고 뒷주머니 박음질 지맘대로인 게 진짜 너무 별로....",2026-04-10 12:59:07,3,블랙,,커요,별로예요,비슷해요,163cm,50kg,
62257392,169027612,[MADE] 히그 로우 스트레이트 밴딩팬츠,5,"168 / 50 다리 긴편입니다
바지 입고 나간 날 바로 어디꺼냐 물어보더라고요
 핏 딱 예뻐요 발등 덮는 길이이고 허리는 약간 커요
",2026-04-10 09:58:05,0,블랙,,잘 맞아요,만족해요,비슷해요,168cm,50kg,하의 25
62256788,169027612,[MADE] 히그 로우 스트레이트 밴딩팬츠,4,163이고 다리가 긴편인데도 생각보다 조금 길어요. 무릎은 나올 거 같은 재질입니다..그치만 핏은 예뻐서 잘 입고 다닐 것 같아용 ,2026-04-10 09:32:21,0,블랙,,잘 맞아요,보통이에요,비슷해요,164cm,48kg,
62252631,169027612,[MADE] 히그 로우 스트레이트 밴딩팬츠,5,정말 최고예요,2026-04-10 06:49:32,0,블랙,,,,,163cm,52kg,하의 26
62237831,169027612,[MADE] 히그 로우 스트레이트 밴딩팬츠,4,정말 최고예요,2026-04-09 14:57:18,0,블랙,,,,,,,
62237017,169027612,[MADE] 히그 로우 스트레이트 밴딩팬츠,3,정말 최고예요,2026-04-09 14:27:45,0,블랙,,,,,165cm,58kg,하의 27
62190890,169027612,[MADE] 히그 로우 스트레이트 밴딩팬츠,5,정말 최고예요,2026-04-08 08:46:00,0,멜란지그레이,,,,,163cm,51kg,
62190114,169027612,[MADE] 히그 로우 스트레이트 밴딩팬츠,5,길이가 162기준 조금 길지만 핏이 미쳐따리입니다!! 넘 이뻐옹 날씬해보입니당!!! 두께감도 너무 두껍지더 얇지도 않아서 여름까지도 입을것같아용,2026-04-08 08:20:17,0,블랙,,잘 맞아요,만족해요,비슷해요,162cm,44kg,하의 27
62187107,169027612,[MADE] 히그 로우 스트레이트 밴딩팬츠,5,아 ** 개이뻐 ㄹㅇ ㅋㅋㅋㅋ 블랙업이 진짜 바지 맛집입니다 ㄹㅇㄹㅇ ㅜㅜ 블랙업 바지만 여러개인데 재구매템 될것 같아요 이거 슽체형 ㄱㄱ,2026-04-08 07:00:19,0,블랙,,잘 맞아요,만족해요,비슷해요,167cm,66kg,하의 30
62181551,169027612,[MADE] 히그 로우 스트레이트 밴딩팬츠,2,정말 최고예요,2026-04-08 04:54:30,0,블랙,,,,,,,
62169081,169027612,[MADE] 히그 로우 스트레이트 밴딩팬츠,4,실물이 촤르르하니 너무 이뻐요 ㅎㅎ 근데 엄청 길어서 음.. 건조기 돌려보려고요... 밑위는 짧진 않아서 하이웨스트? 미드웨스트? 정도로 입어도 될 것 같아요 로우라이즈로 입는게 젤 이쁘긴 합니다,2026-04-07 14:59:02,0,멜란지그레이,,커요,만족해요,비슷해요,158cm,47kg,
62162625,169027612,[MADE] 히그 로우 스트레이트 밴딩팬츠,5,일단 생각했던거보다도 훨씬 이쁘고 편햐요 핏도 딱 이쁘게 떨어지고 재질도 보풀 잘 안일어나는데 보드랍고 좋구용 사계절 다 입을수잇는 두께에요 벌룬핏 질려서 샀는ㄴ데 120% 만졷햐요 꼭 사세요 ㅜㅜ,2026-04-07 12:37:07,0,블랙,,잘 맞아요,만족해요,비슷해요,166cm,55kg,
62160070,169027612,[MADE] 히그 로우 스트레이트 밴딩팬츠,5,정말 최고예요,2026-04-07 11:52:47,0,멜란지그레이,,,,,157cm,48kg,
62160068,169027612,[MADE] 히그 로우 스트레이트 밴딩팬츠,5,정말 최고예요,2026-04-07 11:52:46,0,블랙,,,,,157cm,48kg,
62159821,169027612,[MADE] 히그 로우 스트레이트 밴딩팬츠,5,"160기준 기장 길어서 수선함
허리밴딩, 엉덩이핏 좋음 매우매우 맘에듦",2026-04-07 11:48:03,0,멜란지그레이,,잘 맞아요,만족해요,비슷해요,160cm,51kg,하의 29
62145086,169027612,[MADE] 히그 로우 스트레이트 밴딩팬츠,5,정말 최고예요,2026-04-07 02:46:12,0,멜란지그레이,,,,,166cm,51kg,하의 27
62125743,169027612,[💚봄신상/MADE] 히그 로우 스트레이트 밴딩팬츠,5,정말 최고예요,2026-04-06 07:13:12,0,멜란지그레이,,,,,160cm,47kg,하의 26
62120282,169027612,[💚봄신상/MADE] 히그 로우 스트레이트 밴딩팬츠,5,정말 최고예요,2026-04-06 03:27:37,0,블랙,,,,,158cm,48kg,하의 28
62100870,169027612,[MADE] 히그 로우 스트레이트 밴딩팬츠,5,M 사이쥬 시키니까 170기준 길이가 딱 좋네용 ㅎㅎ 딱붙지도 않고 편하게 잘 입을 것 같아요 완저니 추천 계속 주머니쪽으로 손이 가긴 하는데 없어도 머 괜차나여,2026-04-05 10:05:14,0,블랙,,잘 맞아요,보통이에요,비슷해요,169cm,60kg,하의 27
62095258,169027612,[MADE] 히그 로우 스트레이트 밴딩팬츠,5,정말 최고예요,2026-04-05 06:43:04,0,멜란지그레이,,,,,,,
62090593,169027612,[💚봄신상/MADE] 히그 로우 스트레이트 밴딩팬츠,5,"✔️허리 밴딩 부에 고무줄 퀄이 좋아서 저렴해보이지 않아요
✔️다만 회색바지이다 보니 팬티 라인을 신경써야 해요 🥹
✔️그리고 제가 다리가 엄청 긴 편은 아니지만
저한테 많이 길어요 ㅜㅠ 굽높은 신발에 뒤에 핀으로 무조건 꽂아줘야합니다 총기장 잘보고 구매하세요!!",2026-04-05 04:16:26,0,멜란지그레이,,잘 맞아요,만족해요,비슷해요,162cm,50kg,하의 27
62083258,169027612,[💚봄신상/MADE] 히그 로우 스트레이트 밴딩팬츠,5,원단이 되게 좋고 핏이 예뻐요 긴 기장이 좋아서 일부러 미디움으로 샀는데 딱 약간 끌리는? 핏입니다 다른색도 사고싶어요ㅜ,2026-04-04 16:28:07,0,블랙,,잘 맞아요,만족해요,비슷해요,162cm,51kg,하의 26
62072668,169027612,[MADE] 히그 로우 스트레이트 밴딩팬츠,5,정말 최고예요,2026-04-04 10:09:34,0,블랙,,,,,159cm,43kg,하의 25
62064992,169027612,[MADE] 히그 로우 스트레이트 밴딩팬츠,4,"블랙 사고맘에들어서 그레이도 구매했어요
블랙은s샀다가 그레이는m사봣는데 이것도 잘 맞아요!

저랑 스펙 비슷하신분
약간 회사에도입고 캐주얼?하게입고싶으면s
핫걸핀터걸같아보이고싶으면 m ㄱㄱ

근데 블랙보다 그레이가 별론게
밴딩부분이 그레이가 좀 더 우글거림
블랙은 밴딩 완전 판판한데
혹시 다른 사람이 입고 늘어난거 준건가? 싶어서 리뷰봤는데 이런얘기하시는분 또 잇네요 원래 그런듯
블랙이 더 이뻐요 블랙사시긔",2026-04-04 05:55:46,0,멜란지그레이,,잘 맞아요,만족해요,비슷해요,170cm,53kg,하의 27
62060429,169027612,[💚봄신상/MADE] 히그 로우 스트레이트 밴딩팬츠,5,사이즈가 생각보다 너무 커서 ㄱㅅ환하려다가 급해서 그냥 입어용..  사이즈표보다 체감상 훨ㅆ니큼... 주머니 디테일은 예뻐요,2026-04-04 03:39:19,0,블랙,,잘 맞아요,보통이에요,비슷해요,157cm,59kg,
62050805,169027612,[💚봄신상/MADE] 히그 로우 스트레이트 밴딩팬츠,5,마니마니 입으면 보풀 일어날 재질이긴한데 무릎 늘어남도 심한 편은 아니고 핏이 넘넘 예뻐요 ㅜㅜ 제발 화이트 색상도 내주세요 plz ㅜㅜ,2026-04-03 14:01:29,0,블랙,,잘 맞아요,보통이에요,비슷해요,162cm,49kg,하의 28
62047668,169027612,[💚봄신상/MADE] 히그 로우 스트레이트 밴딩팬츠,5,정말 최고예요,2026-04-03 12:16:48,0,블랙,,,,,167cm,,
62019866,169027612,[💚봄신상/MADE] 히그 로우 스트레이트 밴딩팬츠,4,"얇고 예쁘긴 한데 오래 입을 것 같은 재질은 아니에요 
나와있는 기장은 제 기준 좀 짧았는데 모델사진 보고 ㄱㅊ을 것 같아서 구매했어요 근데 몇번 건조기 돌려면 직사각형 핏 될 것 가트네요....",2026-04-02 12:55:23,0,멜란지그레이,,잘 맞아요,보통이에요,비슷해요,170cm,56kg,하의 27
62007370,169027612,[💚봄신상/MADE] 히그 로우 스트레이트 밴딩팬츠,5,정말 최고예요,2026-04-02 06:42:17,0,멜란지그레이,,,,,158cm,45kg,하의 28
62000789,169027612,[💚봄신상/MADE] 히그 로우 스트레이트 밴딩팬츠,5,정말 최고예요,2026-04-02 02:51:13,0,멜란지그레이,,,,,158cm,48kg,하의 28
61984263,169027612,[💚봄신상/MADE] 히그 로우 스트레이트 밴딩팬츠,5,사진보다 실물이 나아요. 길이는 조금 아쉬워요. 발등을 살짝 덮는 기장입니다. 블랙을 더 살까 고민중입니다. 밴딩라인도 편해요! ,2026-04-01 11:21:37,0,멜란지그레이,,잘 맞아요,만족해요,비슷해요,173cm,53kg,하의 27
61967158,169027612,[💚봄신상/MADE] 히그 로우 스트레이트 밴딩팬츠,5,"핏 개이빠요...! 다른색도 사러 오겠습니당ㅎㅎ
왕왕 추천합니다요 
고민하지 마세요 제 교복템이 됳 예정이레여ㅛㅕㅎ",2026-04-01 04:07:16,0,블랙,,잘 맞아요,만족해요,비슷해요,164cm,53kg,하의 26
61960578,169027612,[💚봄신상/MADE] 히그 로우 스트레이트 밴딩팬츠,5,"기장은 좀 길긴 한데 디자인이 너무 마음에 들어요 핀터깔 언니야들이 입을 것만 같은 팬츠ㅜ!! 주머니가 없다는 게 크나큰 흠이지만 예쁘니까 그냥 입응게요,,ㅎ",2026-03-31 23:30:06,0,블랙,,잘 맞아요,만족해요,비슷해요,158cm,54kg,
61946326,169027612,[💚봄신상/MADE] 히그 로우 스트레이트 밴딩팬츠,5,정말 최고예요,2026-03-31 11:04:54,0,블랙,,,,,,,
61941450,169027612,[💚봄신상/MADE] 히그 로우 스트레이트 밴딩팬츠,5,길이가 많이 길어요 .. 신발 신어도 바닥에 좀 끌리긴 하네요 핏은 맘에 들어요,2026-03-31 08:40:08,0,블랙,,잘 맞아요,만족해요,비슷해요,155cm,47kg,하의 25
61921996,169027612,[💚봄신상/MADE] 히그 로우 스트레이트 밴딩팬츠,5,"정말 이쁩니다!!
로우라이즈처럼 골반에 걸쳐 입으면 핏 최고예요
소재도 얇은 스타일이어서 한여름 제외하고 봄가을에 입기 딱 좋을듯해요",2026-03-30 13:06:06,0,멜란지그레이,,잘 맞아요,만족해요,비슷해요,155cm,50kg,하의 26
61901691,169027612,[💚봄신상/MADE] 히그 로우 스트레이트 밴딩팬츠,4,"제가 키가 작아서 그런지.. (158)
기장이 좀 길엇어용 로우라이즈라 더 올리지도 못하고 (부각이 잇음) 그치만 질은 넘 좋아요",2026-03-29 22:29:15,0,블랙,,잘 맞아요,보통이에요,비슷해요,,52kg,
61895989,169027612,[💚봄신상/MADE] 히그 로우 스트레이트 밴딩팬츠,5,정말 최고예요,2026-03-29 13:51:28,0,멜란지그레이,,,,,160cm,54kg,하의 27
61894544,169027612,[💚봄신상/MADE] 히그 로우 스트레이트 밴딩팬츠,5,정말 최고예요,2026-03-29 13:15:18,0,블랙,,,,,160cm,55kg,하의 28
61889533,169027612,[💚봄신상/MADE] 히그 로우 스트레이트 밴딩팬츠,4,정말 최고예요,2026-03-29 10:49:50,0,멜란지그레이,,,,,160cm,42kg,하의 24
61875495,169027612,[💚봄신상/MADE] 히그 로우 스트레이트 밴딩팬츠,5,"일부러 건조기 돌렸는데 살짝 줄어들었아용!! 
블랙업 150후반이 입기엔 항상 너무 길어요ㅜㅜ 숏버전도 나오면 좋셌어용!!
밑위 너무 짧지도 않고 딱 배꼽 아래 와서 불편하진 않아용
핏도 ㄱㅊ고 이뻐용",2026-03-29 03:20:11,1,멜란지그레이,,커요,보통이에요,비슷해요,158cm,48kg,하의 27
61867740,169027612,[💚봄신상/MADE] 히그 로우 스트레이트 밴딩팬츠,5,"개마음에듷어요... 핏이 지림
회색도 살라고요 
개마음에듷어요... 핏이 지림
회색도 살라고요
개마음에듷어요... 핏이 지림
회색도 살라고요",2026-03-28 15:25:09,1,블랙,,잘 맞아요,만족해요,비슷해요,170cm,53kg,하의 27
61861363,169027612,[💚봄신상/MADE] 히그 로우 스트레이트 밴딩팬츠,5,블랙이랑 그레이 둘다 삿는데 블랙이 좀 더 맘에 들긴 해용 제가 받은 그레이는 허리 밴딩이 블랙보다 짱짱하지 않아서 스트링으로 조정 하지 않았을 때 두번째 사진처럼 밴딩이 좀 우글거렷으요ㅠ 그래도 곱창처럼 꼬불꼬불 잡히는 밴딩보다 저렇게 넓직하게 밴딩처리 되어있어서 더 깔끔져보이고 로우라이즈에다가 떨어지는 핏감이 예뻐서 ㅊㅊ합니다 대신 바지에 포켓은 없읍니다,2026-03-28 12:06:45,4,멜란지그레이,,잘 맞아요,만족해요,비슷해요,169cm,53kg,
61861182,169027612,[💚봄신상/MADE] 히그 로우 스트레이트 밴딩팬츠,5,일부러 널넣하게 입고싶어서 m으로 시켯는데 잘한 선택인 거 같아요 조금 하체가 있으신 분들은 엄청 와이드 한 핏은 기대하면 안될 듯! 리뷰 보고 소재가 얇을 줄 알았는데 블랙업 답게 두께도 적당하고 탄탄해요 기장도 169 기준 신발 안신으면 끌립니다 전반적으로 로우라이즈 + 소재 + 핏감 다 맘에 들어용 아 근데 재질이 기분탓인진 모르겟지만 그레이보단 블랙이 좀 탄탄한 느낌?,2026-03-28 12:02:06,5,블랙,,잘 맞아요,만족해요,비슷해요,169cm,53kg,
61850080,169027612,[💚봄신상/MADE] 히그 로우 스트레이트 밴딩팬츠,5,블랙업에서 산 바지 세개중 젤 맘에 드는것 중 하나!!! 핏이 엄청 이쁨 브멜 스탈 로우라이즈 느낌나요 근데 제 키에도 길어서 키 작은 분들은 힘드실 수도 근데 핏은 너무 이뻐요 사진이 없네여 ㅠ,2026-03-28 06:21:50,0,멜란지그레이,,잘 맞아요,만족해요,비슷해요,169cm,55kg,하의 28
61840002,169027612,[💚봄신상/MADE] 히그 로우 스트레이트 밴딩팬츠,5,158에겐 지이인짜 길어서 무조건 수선해야 할거 같깅합니다 그래도 이뽀요 다만 엉디가 좀 끼는 편인거같음.. ㅎ 밑위 좀 애매해여 안감 보들보들하,2026-03-28 00:17:38,1,멜란지그레이,,커요,보통이에요,비슷해요,158cm,48kg,하의 26
61836377,169027612,[💚봄신상/MADE] 히그 로우 스트레이트 밴딩팬츠,4,키가 작은 편인데 블랙업 바지 너무 예쁜데 항상 총장이 너무 길어서 못 샀었거든요 ㅠ 근데 역시나 너무 길어서 줄여야할 것 같아요 핏이랑 퀄리티는 넘 좋아요,2026-03-27 15:56:27,0,멜란지그레이,,커요,만족해요,비슷해요,155cm,48kg,하의 25
61832414,169027612,[💚봄신상/MADE] 히그 로우 스트레이트 밴딩팬츠,5,"주머니가 없긴 해서 아쉬웠는데 핏 보고 납득, 편함에 납득..진짜 굿이에요.",2026-03-27 13:27:02,0,블랙,,잘 맞아요,만족해요,비슷해요,167cm,56kg,
61829621,169027612,[💚봄신상/MADE] 히그 로우 스트레이트 밴딩팬츠,5,길이 딱 적당하고 평소에 엠입는데 살짝 딱맞게 입고싶어서 에스 삿는대 원하눈 핏이에요 너무 딱달라붙지않으면서 너무 헐렁하지도않아요,2026-03-27 12:01:43,2,멜란지그레이,,잘 맞아요,만족해요,비슷해요,168cm,52kg,하의 26
61821292,169027612,[💚봄신상/MADE] 히그 로우 스트레이트 밴딩팬츠,4,정말 최고예요,2026-03-27 07:27:35,0,블랙,,,,,,,
61817407,169027612,[💚봄신상/MADE] 히그 로우 스트레이트 밴딩팬츠,5,정말 최고예요,2026-03-27 05:47:27,0,멜란지그레이,,,,,163cm,52kg,하의 24
61817347,169027612,[💚봄신상/MADE] 히그 로우 스트레이트 밴딩팬츠,4,정말 최고예요,2026-03-27 05:46:16,0,블랙,,,,,160cm,45kg,하의 25
61817035,169027612,[💚봄신상/MADE] 히그 로우 스트레이트 밴딩팬츠,5,정말 최고예요,2026-03-27 05:40:01,0,블랙,,,,,163cm,46kg,
61816260,169027612,[💚봄신상/MADE] 히그 로우 스트레이트 밴딩팬츠,5,편안하고 여름에도입을수있을꺼 같아요~예뻐요~ 바지가 길어서 수선했어요~,2026-03-27 05:23:40,0,멜란지그레이,,잘 맞아요,보통이에요,비슷해요,158cm,45kg,하의 26
61813487,169027612,[💚봄신상/MADE] 히그 로우 스트레이트 밴딩팬츠,5,"리뷰가 많이 없어서 걱정했는데 너무너무 만족스러워요! 핀터깔 트레이닝복인데 뒤에 페이크 포켓디테일이 있어 너무 추레하지 않아 보여요😍 우글우글한 밴딩이 아니고 플랫한 형태라 트렌디해보이는게 좋네요!
재질은 후들후들하지만 너무 얇지는 않고 적당히 핏 잘잡아주는(?) 재질이에요!
제발 FW에도 출시해주세요😭",2026-03-27 04:12:52,0,멜란지그레이,,커요,만족해요,비슷해요,153cm,50kg,하의 26
61812031,169027612,[💚봄신상/MADE] 히그 로우 스트레이트 밴딩팬츠,4,가벼운 재질에 부드럽고 좋은데 석유냄새같은게 세탁해도 안 빠져요ㅜ,2026-03-27 03:11:53,1,블랙,,잘 맞아요,보통이에요,비슷해요,155cm,44kg,하의 26
61781660,169027612,[💚봄신상/MADE] 히그 로우 스트레이트 밴딩팬츠,5,"올 봄 교복템 예정이에요!!!
신상이라 고민했는데 넘 만족스럽네요

키 165 기준으로 기장이 딱 발등 발끝까지 와서 수선 없이 바로 입기 좋았고, 전체적으로 핏이 정말 예쁘게 떨어져요. 허리 밴딩이라 착용감이 편안하면서도 배를 조이지 않아 데일리로 입기 부담 없고, 활동할 때도 불편함이 없어서 만족스러웠습니다. 

소재는 너무 얇지도 두껍지도 않은 적당한 두께감이라 봄, 가을에 특히 잘 입어질 것 같고, 후들후들하면서도 어느 정도 힘이 있어서 핏이 흐트러지지 않는 점이 좋아요.

뒷주머니 디테일이 은근히 포인트가 돼서 밋밋하지 않고, 상의를 넣어 입어도 예쁘게 연출됩니다. 개인적으로 앞주머니가 없는 점은 조금 아쉽긴 하지만, 전체적인 실루엣이 깔끔하고 다리가 길어 보이는 핏이라 충분히 커버되는 느낌이에요. 밑단도 과하게 넓거나 좁지 않은 세미 와이드 느낌이라 어떤 상의와도 매치하기 쉽고, 캐주얼부터 살짝 꾸민 코디까지 다양하게 활용 가능해서 손이 자주 갈 것 같습니다

편하게 입을 트레이닝으로 왕 추천입니다아👍🥺
",2026-03-26 06:12:03,38,블랙,,잘 맞아요,만족해요,비슷해요,165cm,50kg,하의 27
61780581,169027612,[💚봄신상/MADE] 히그 로우 스트레이트 밴딩팬츠,5,정말 최고예요,2026-03-26 05:46:20,0,블랙,,,,,161cm,55kg,하의 28
61747656,169027612,[💚봄신상/MADE] 히그 로우 스트레이트 밴딩팬츠,5,정말 최고예요,2026-03-25 08:39:42,0,블랙,,,,,167cm,55kg,하의 30
61705557,169027612,[💚봄신상/MADE] 히그 로우 스트레이트 밴딩팬츠,5,정말 최고예요,2026-03-24 05:04:15,0,블랙,,,,,167cm,51kg,하의 27
61665948,169027612,[💚봄신상/MADE] 히그 로우 스트레이트 밴딩팬츠,5,정말 최고예요,2026-03-22 14:28:48,0,멜란지그레이,,,,,165cm,57kg,하의 27
61654372,169027612,[💚봄신상/MADE] 히그 로우 스트레이트 밴딩팬츠,4,"멜란지 구매 후 블랙도 주문 했어요
심플 하지만 뒤 포인트가 넘 예뻐요 :)",2026-03-22 06:58:44,1,블랙,,잘 맞아요,만족해요,비슷해요,,,
61618765,169027612,[💚봄신상/MADE] 히그 로우 스트레이트 밴딩팬츠,5,부들부들하고 밑위도 적당히 짧아서 마음에 들어여 평하게 잘입고다닐듯 마니입으면 보풀 좀 날 거 같긴한데 그랴두 조음요.. 엉덩이 부분 은근 포인트되고 기여움,2026-03-20 15:05:58,2,블랙,,잘 맞아요,만족해요,비슷해요,158cm,50kg,
61593390,169027612,[💚봄신상/MADE] 히그 로우 스트레이트 밴딩팬츠,4,"부츠컷도 구매 하고 스트레이트도 구매 했는데
비교 하자면 핏이 좀 더 여유 있어서 편해요 
168에 다리가 좀 긴편인데도 길이 살짝 여유 있어요!
끌리는건 아니지만 걸을때 살짝 닿는 느낌이요!",2026-03-19 14:16:28,3,멜란지그레이,,잘 맞아요,만족해요,비슷해요,,,
61592209,169027612,[💚봄신상/MADE] 히그 로우 스트레이트 밴딩팬츠,5,편하고 재질도 좋고 길이도 안짧고 적당해요 밑위길이도 안짧고 딱 적당한 것 같아요!!  재질도 적당히 탄탄하면서 두껍지 않아서 한여름 한겨울 빼고 다 입을 수 있을 것 같습니다,2026-03-19 13:35:55,2,블랙,,잘 맞아요,만족해요,비슷해요,166cm,49kg,하의 27
